,predictions
0,2
1,2
2,2
3,2
4,1
5,2
6,2
7,2
8,3
9,2
10,2
11,2
12,0
13,1
14,1
15,1
16,2
17,0
18,0
19,2
20,1
21,2
22,3
23,2
24,1
25,1
26,2
27,2
28,2
29,1
30,2
31,1
32,1
33,0
34,2
35,2
36,1
37,2
38,2
39,2
40,1
41,2
42,2
43,1
44,1
45,2
46,2
47,2
48,0
49,2
50,2
51,2
52,2
53,2
54,2
55,2
56,1
57,1
58,0
59,0
60,2
61,2
62,1
63,2
64,2
65,0
66,2
67,2
68,2
69,1
70,3
71,3
72,2
73,1
74,1
75,2
76,1
77,2
78,2
79,2
80,1
81,2
82,0
83,2
84,0
85,2
86,2
87,0
88,0
89,2
90,1
91,3
92,2
93,2
94,3
95,0
96,1
97,2
98,2
99,0
100,1
101,2
102,0
103,1
104,2
105,2
106,2
107,2
108,2
109,2
110,2
111,1
112,2
113,2
114,1
115,2
116,3
117,1
118,2
119,0
120,2
121,0
122,1
123,1
124,2
125,2
126,1
127,2
128,0
129,0
130,2
131,1
132,3
133,3
134,2
135,3
136,2
137,2
138,1
139,1
140,2
141,2
142,2
143,1
144,2
145,1
146,1
147,2
148,1
149,1
150,2
151,1
152,2
153,2
154,3
155,1
156,3
157,2
158,2
159,1
160,2
161,2
162,2
163,0
164,2
165,0
166,1
167,0
168,2
169,0
170,1
171,0
172,0
173,2
174,0
175,1
176,2
177,2
178,2
179,1
180,2
181,3
182,2
183,2
184,2
185,2
186,2
187,1
188,1
189,2
190,2
191,1
192,1
193,2
194,2
195,2
196,2
197,3
198,2
199,1
200,1
201,2
202,2
203,1
204,2
205,2
206,2
207,2
208,2
209,2
210,2
211,2
212,2
213,2
214,1
215,0
216,2
217,2
218,1
219,2
220,2
221,2
222,3
223,2
224,2
225,2
226,1
227,2
228,1
229,0
230,1
231,1
232,2
233,1
234,2
235,1
236,2
237,2
238,2
239,2
240,0
241,0
242,0
243,0
244,2
245,2
246,1
247,2
248,1
249,1
250,1
251,0
252,1
253,2
254,2
255,2
256,2
257,2
258,0
259,1
260,3
261,0
262,1
263,1
264,0
265,1
266,2
267,3
268,2
269,2
270,1
271,1
272,0
273,3
274,1
275,1
276,2
277,2
278,2
279,2
280,2
281,1
282,2
283,2
284,0
285,2
286,2
287,1
288,2
289,0
290,2
291,1
292,1
293,2
294,2
295,2
296,1
297,0
298,2
299,2
300,2
301,0
302,2
303,1
304,1
305,1
306,1
307,2
308,1
309,1
310,1
311,1
312,2
313,0
314,1
315,1
316,1
317,2
318,2
319,2
320,1
321,2
322,2
323,1
324,2
325,0
326,2
327,1
328,1
329,3
330,2
331,2
332,2
333,0
334,0
335,2
336,0
337,1
338,1
339,2
340,2
341,2
342,3
343,2
344,1
345,1
346,0
347,1
348,2
349,2
350,1
351,2
352,2
353,2
354,2
355,1
356,1
357,2
358,3
359,0
360,2
361,2
362,1
363,1
364,2
365,1
366,2
367,3
368,0
369,2
370,1
371,1
372,2
373,2
374,1
375,1
376,2
377,0
378,2
379,1
380,2
381,2
382,2
383,0
384,1
385,2
386,2
387,0
388,2
389,2
390,2
391,2
392,2
393,2
394,3
395,2
396,2
397,3
398,2
399,2
400,2
401,1
402,2
403,2
404,3
405,2
406,3
407,2
408,2
409,1
410,2
411,1
412,3
413,1
414,1
415,2
416,1
417,2
418,2
419,1
420,2
421,2
422,2
423,2
424,2
425,1
426,2
427,3
428,2
429,2
430,2
431,2
432,1
433,1
434,2
435,2
436,2
437,2
438,1
439,1
440,0
441,2
442,2
443,1
444,2
445,0
446,0
447,1
448,2
449,2
450,2
451,2
452,0
453,0
454,2
455,1
456,2
457,2
458,2
459,1
460,2
461,1
462,1
463,2
464,1
465,0
466,2
467,0
468,2
469,2
470,2
471,2
472,1
473,3
474,2
475,1
476,2
477,2
478,2
479,1
480,2
481,1
482,1
483,2
484,3
485,0
486,1
487,1
488,2
489,2
490,0
491,1
492,1
493,2
494,1
495,0
496,2
497,2
498,2
499,2
500,2
501,2
502,2
503,3
504,2
505,2
506,2
507,2
508,2
509,2
510,3
511,2
512,0
513,0
514,2
515,0
516,0
517,2
518,1
519,1
520,2
521,0
522,3
523,1
524,1
525,1
526,1
527,2
528,2
529,2
530,1
531,1
532,3
533,0
534,2
535,2
536,1
537,2
538,3
539,1
540,2
541,2
542,2
543,2
544,0
545,2
546,2
547,2
548,2
549,2
550,2
551,2
552,2
553,2
554,2
555,2
556,1
557,0
558,2
559,3
560,2
561,2
562,1
563,1
564,2
565,2
566,2
567,2
568,1
569,2
570,2
571,3
572,2
573,1
574,1
575,2
576,0
577,2
578,2
579,1
580,0
581,3
582,1
583,0
584,2
585,1
586,3
587,1
588,2
589,2
590,0
591,2
592,2
593,3
594,3
595,2
596,2
597,2
598,0
599,2
600,1
601,2
602,2
603,2
604,3
605,1
606,0
607,1
608,1
609,1
610,2
611,2
612,0
613,1
614,2
615,3
616,1
617,0
618,2
619,2
620,1
621,2
622,2
623,1
624,1
625,2
626,2
627,2
628,2
629,1
630,2
631,1
632,1
633,2
634,2
635,1
636,2
637,2
638,1
639,0
640,3
641,2
642,2
643,0
644,2
645,1
646,1
647,1
648,2
649,1
650,2
651,0
652,2
653,3
654,3
655,1
656,1
657,2
658,3
659,0
660,1
661,2
662,2
663,1
664,2
665,3
666,2
667,2
668,2
669,2
670,2
671,2
672,3
673,0
674,2
675,2
676,0
677,2
678,1
679,1
680,2
681,2
682,2
683,2
684,2
685,2
686,2
687,2
688,2
689,1
690,0
691,2
692,2
693,2
694,0
695,0
696,2
697,2
698,2
699,0
700,1
701,2
702,2
703,0
704,1
705,2
706,0
707,1
708,2
709,2
710,2
711,2
712,2
713,1
714,1
715,2
716,2
717,0
718,2
719,1
720,2
721,2
722,1
723,2
724,1
725,0
726,2
727,1
728,2
729,1
730,3
731,1
732,1
733,1
734,2
735,0
736,0
737,1
738,2
739,2
740,2
741,1
742,1
743,2
744,2
745,1
746,0
747,1
748,0
749,2
750,1
751,2
752,1
753,2
754,2
755,1
756,2
757,2
758,1
759,2
760,2
761,0
762,2
763,2
764,0
765,1
766,1
767,2
768,3
769,1
770,1
771,2
772,1
773,2
774,1
775,2
776,1
777,0
778,2
779,1
780,2
781,2
782,2
783,2
784,1
785,2
786,1
787,1
788,1
789,2
790,2
791,3
792,1
793,2
794,2
795,2
796,2
797,2
798,2
799,2
800,1
801,1
802,2
803,1
804,2
805,1
806,2
807,1
808,3
809,2
810,2
811,0
812,2
813,2
814,2
815,1
816,1
817,1
818,1
819,1
820,2
821,2
822,3
823,1
824,1
825,1
826,1
827,1
828,2
829,2
830,1
831,2
832,1
833,2
834,1
835,2
836,1
837,1
838,2
839,2
840,1
841,2
842,2
843,0
844,2
845,2
846,2
847,2
848,2
849,2
850,2
851,0
852,1
853,2
854,2
855,2
856,1
857,0
858,2
859,1
860,1
861,1
862,1
863,2
864,3
865,1
866,1
867,1
868,2
869,0
870,2
871,3
872,2
873,2
874,0
875,2
876,2
877,1
878,2
879,1
880,3
881,2
882,2
883,2
884,1
885,1
886,2
887,2
888,0
889,3
890,2
891,2
892,0
893,2
894,0
895,1
896,2
897,2
898,2
899,2
900,0
901,2
902,1
903,2
904,1
905,0
906,1
907,0
908,1
909,0
910,1
911,2
912,1
913,1
914,2
915,2
916,3
917,0
918,2
919,2
920,2
921,2
922,1
923,2
924,2
925,2
926,1
927,2
928,2
929,2
930,2
931,1
932,1
933,2
934,2
935,0
936,2
937,1
938,2
939,2
940,1
941,2
942,2
943,1
944,2
945,2
946,2
947,0
948,1
949,2
950,2
951,1
952,2
953,2
954,2
955,1
956,1
957,1
958,1
959,3
960,1
961,2
962,0
963,1
964,3
965,2
966,2
967,2
968,0
969,0
970,2
971,2
972,2
973,0
974,2
975,2
976,2
977,1
978,1
979,2
980,2
981,1
982,3
983,1
984,2
985,2
986,2
987,2
988,1
989,0
990,1
991,2
992,0
993,1
994,2
995,2
996,1
997,0
998,2
999,2
1000,2
1001,1
1002,1
1003,0
1004,2
1005,2
1006,2
1007,2
1008,0
1009,2
1010,2
1011,1
1012,1
1013,2
1014,1
1015,1
1016,2
1017,2
1018,2
1019,2
1020,2
1021,2
1022,2
1023,2
1024,2
1025,3
1026,0
1027,2
1028,1
1029,0
1030,2
1031,2
1032,1
1033,2
1034,2
1035,2
1036,2
1037,0
1038,2
1039,1
1040,2
1041,2
1042,0
1043,1
1044,2
1045,1
1046,2
1047,2
1048,1
1049,2
1050,2
1051,2
1052,1
1053,1
1054,2
1055,1
1056,1
1057,1
1058,2
1059,1
1060,0
1061,2
1062,2
1063,3
1064,2
1065,3
1066,2
1067,2
1068,2
1069,1
1070,2
1071,1
1072,2
1073,2
1074,2
1075,1
1076,1
1077,3
1078,3
1079,2
1080,0
1081,1
1082,2
1083,2
1084,3
1085,1
1086,1
1087,0
1088,3
1089,1
1090,0
1091,1
1092,0
1093,1
1094,1
1095,3
1096,1
1097,2
1098,2
1099,1
1100,2
1101,2
1102,2
1103,1
1104,2
1105,2
1106,2
1107,0
1108,0
1109,2
1110,1
1111,0
1112,2
1113,1
1114,1
1115,2
1116,0
1117,1
1118,2
1119,1
1120,2
1121,2
1122,2
1123,2
1124,2
1125,2
1126,2
1127,2
1128,1
1129,2
1130,2
1131,1
1132,2
1133,2
1134,0
1135,2
1136,2
1137,2
1138,2
1139,2
1140,2
1141,2
1142,2
1143,2
1144,1
1145,2
1146,1
1147,2
1148,2
1149,1
1150,2
1151,1
1152,1
1153,1
1154,2
1155,2
1156,3
1157,2
1158,2
1159,2
1160,0
1161,3
1162,2
1163,2
1164,0
1165,2
1166,2
1167,2
1168,2
1169,1
1170,1
1171,1
1172,3
1173,1
1174,2
1175,1
1176,3
1177,2
1178,2
1179,2
1180,2
1181,1
1182,2
1183,0
1184,1
1185,2
1186,0
1187,1
1188,2
1189,0
1190,2
1191,1
1192,2
1193,1
1194,2
1195,1
1196,1
1197,1
1198,2
1199,1
1200,0
1201,2
1202,2
1203,2
1204,2
1205,1
1206,2
1207,1
1208,2
1209,2
1210,2
1211,2
1212,1
1213,0
1214,2
1215,2
1216,0
1217,2
1218,2
1219,2
1220,3
1221,2
1222,0
1223,2
1224,2
1225,2
1226,2
1227,1
1228,2
1229,2
1230,2
1231,2
1232,1
1233,2
1234,2
1235,0
1236,0
1237,2
1238,3
1239,0
1240,1
1241,1
1242,3
1243,0
1244,1
1245,3
1246,2
1247,2
1248,2
1249,2
1250,1
1251,2
1252,2
1253,2
1254,2
1255,2
1256,1
1257,2
1258,0
1259,2
1260,2
1261,0
1262,0
1263,1
1264,2
1265,1
1266,2
1267,2
1268,0
1269,2
1270,2
1271,2
1272,0
1273,2
1274,2
1275,2
1276,2
1277,2
1278,2
1279,1
1280,2
1281,2
1282,1
1283,2
1284,2
1285,0
1286,2
1287,2
1288,0
1289,2
1290,2
1291,0
1292,2
1293,1
1294,0
1295,2
1296,2
1297,0
1298,2
1299,2
1300,1
1301,2
1302,1
1303,0
1304,2
1305,2
1306,2
1307,2
1308,0
1309,2
1310,1
1311,1
1312,2
1313,3
1314,2
1315,3
1316,2
1317,1
1318,0
1319,2
1320,2
1321,3
1322,2
1323,2
1324,0
1325,2
1326,2
1327,3
1328,1
1329,1
1330,2
1331,0
1332,2
1333,0
1334,2
1335,2
1336,2
1337,3
1338,1
1339,2
1340,0
1341,2
1342,0
1343,2
1344,1
1345,2
1346,0
1347,2
1348,2
1349,2
1350,1
1351,0
1352,0
1353,2
1354,2
1355,1
1356,2
1357,1
1358,3
1359,2
1360,2
1361,1
1362,0
1363,1
1364,2
1365,2
1366,2
1367,2
1368,2
1369,0
1370,2
1371,2
1372,2
1373,0
1374,2
1375,2
1376,2
1377,2
1378,0
1379,1
1380,2
1381,1
1382,1
1383,2
1384,0
1385,2
1386,0
1387,1
1388,2
1389,2
1390,0
1391,2
1392,2
1393,2
1394,1
1395,2
1396,2
1397,0
1398,1
1399,2
1400,0
1401,2
1402,2
1403,1
1404,1
1405,2
1406,2
1407,3
1408,2
1409,2
1410,1
1411,1
1412,1
1413,2
1414,0
1415,2
1416,1
1417,1
1418,2
1419,2
1420,2
1421,2
1422,2
1423,2
1424,1
1425,2
1426,2
1427,0
1428,2
1429,2
1430,2
1431,2
1432,1
1433,1
1434,2
1435,2
1436,2
1437,1
1438,0
1439,2
1440,3
1441,2
1442,1
1443,0
1444,2
1445,1
1446,1
1447,1
1448,1
1449,2
1450,2
1451,2
1452,0
1453,2
1454,3
1455,2
1456,2
1457,2
1458,2
1459,2
1460,2
1461,1
1462,1
1463,2
1464,3
1465,2
1466,2
1467,0
1468,2
1469,0
1470,2
1471,2
1472,1
1473,0
1474,0
1475,3
1476,1
1477,1
1478,0
1479,1
1480,1
1481,2
1482,2
1483,0
1484,2
1485,1
1486,2
1487,2
1488,1
1489,2
1490,1
1491,2
1492,1
1493,3
1494,0
1495,1
1496,1
1497,0
1498,3
1499,2
1500,2
1501,0
1502,1
1503,0
1504,2
1505,2
1506,2
1507,3
1508,2
1509,1
1510,2
1511,2
1512,3
1513,2
1514,1
1515,2
1516,2
1517,2
1518,2
1519,2
1520,2
1521,2
1522,1
1523,2
1524,2
1525,0
1526,1
1527,1
1528,2
1529,1
1530,1
1531,0
1532,2
1533,1
1534,2
1535,0
1536,3
1537,1
1538,2
1539,2
1540,3
1541,1
1542,1
1543,2
1544,2
1545,3
1546,2
1547,1
1548,2
1549,2
1550,2
1551,1
1552,2
1553,2
1554,3
1555,1
1556,3
1557,2
1558,1
1559,0
1560,3
1561,3
1562,0
1563,2
1564,2
1565,3
1566,1
1567,2
1568,2
1569,1
1570,3
1571,0
1572,3
1573,2
1574,1
1575,2
1576,2
1577,2
1578,1
1579,2
1580,2
1581,2
1582,3
1583,0
1584,2
1585,1
1586,2
1587,2
1588,2
1589,2
1590,2
1591,2
1592,2
1593,2
1594,1
1595,1
1596,2
1597,2
1598,1
1599,2
1600,2
1601,1
1602,3
1603,1
1604,2
1605,2
1606,2
1607,0
1608,2
1609,2
1610,0
1611,0
1612,2
1613,3
1614,2
1615,3
1616,1
1617,2
1618,2
1619,2
1620,1
1621,1
1622,2
1623,3
1624,1
1625,2
1626,2
1627,1
1628,2
1629,2
1630,1
1631,1
1632,2
1633,0
1634,2
1635,2
1636,2
1637,1
1638,2
1639,2
1640,1
1641,2
1642,2
1643,2
1644,2
1645,0
1646,2
1647,1
1648,2
1649,1
1650,0
1651,2
1652,2
1653,1
1654,1
1655,2
1656,2
1657,2
1658,2
1659,1
1660,2
1661,2
1662,2
1663,3
1664,2
1665,2
1666,2
1667,2
1668,2
1669,0
1670,1
1671,2
1672,0
1673,1
1674,1
1675,1
1676,1
1677,2
1678,1
1679,2
1680,0
1681,2
1682,1
1683,2
1684,1
1685,1
1686,1
1687,2
1688,2
1689,1
1690,3
1691,1
1692,1
1693,2
1694,3
1695,1
1696,1
1697,0
1698,3
1699,3
1700,3
1701,1
1702,0
1703,3
1704,0
1705,0
1706,2
1707,1
1708,1
1709,2
1710,3
1711,2
1712,2
1713,2
1714,2
1715,0
1716,2
1717,1
1718,2
1719,1
1720,2
1721,2
1722,2
1723,1
1724,2
1725,2
1726,2
1727,2
1728,1
1729,2
1730,2
1731,2
1732,2
1733,1
1734,2
1735,1
1736,2
1737,2
1738,1
1739,1
1740,1
1741,2
1742,2
1743,2
1744,2
1745,2
1746,2
1747,2
1748,2
1749,3
1750,1
1751,1
1752,1
1753,2
1754,2
1755,2
1756,2
1757,2
1758,3
1759,2
1760,2
1761,2
1762,1
1763,2
1764,1
1765,2
1766,2
1767,0
1768,2
1769,2
1770,2
1771,1
1772,2
1773,3
1774,2
1775,2
1776,2
1777,1
1778,3
1779,1
1780,2
1781,2
1782,3
1783,2
1784,2
1785,0
1786,1
1787,2
1788,2
1789,1
1790,1
1791,0
1792,2
1793,2
1794,1
1795,1
1796,0
1797,1
1798,2
1799,1
1800,2
1801,0
1802,2
1803,1
1804,2
1805,1
1806,0
1807,0
1808,2
1809,2
1810,2
1811,2
1812,2
1813,2
1814,2
1815,2
1816,2
1817,0
1818,0
1819,1
1820,1
1821,3
1822,2
1823,1
1824,3
1825,2
1826,0
1827,1
1828,2
1829,2
1830,0
1831,2
1832,1
1833,2
1834,2
1835,2
1836,2
1837,3
1838,2
1839,2
1840,0
1841,0
1842,1
1843,1
1844,2
1845,1
1846,2
1847,0
1848,2
1849,2
1850,1
1851,1
1852,2
1853,2
1854,2
1855,0
1856,2
1857,1
1858,1
1859,0
1860,2
1861,1
1862,2
1863,2
1864,1
1865,2
1866,0
1867,1
1868,2
1869,0
1870,0
1871,0
1872,2
1873,0
1874,0
1875,0
1876,0
1877,2
1878,2
1879,1
1880,1
1881,1
1882,2
1883,2
1884,2
1885,2
1886,1
1887,2
1888,1
1889,2
1890,1
1891,2
1892,2
1893,2
1894,2
1895,1
1896,2
1897,2
1898,1
1899,2
1900,2
1901,2
1902,2
1903,2
1904,2
1905,2
1906,2
1907,2
1908,3
1909,0
1910,2
1911,2
1912,2
1913,2
1914,2
1915,2
1916,2
1917,2
1918,0
1919,1
1920,1
1921,0
1922,1
1923,2
1924,2
1925,1
1926,1
1927,2
1928,2
1929,1
1930,0
1931,1
1932,1
1933,1
1934,1
1935,0
1936,1
1937,0
1938,2
1939,2
1940,1
1941,1
1942,2
1943,1
1944,2
1945,1
1946,2
1947,1
1948,2
1949,1
1950,1
1951,2
1952,2
1953,0
1954,3
1955,2
1956,2
1957,1
1958,1
1959,1
1960,1
1961,1
1962,0
1963,0
1964,1
1965,2
1966,2
1967,3
1968,3
1969,0
1970,1
1971,2
1972,2
1973,2
1974,2
1975,1
1976,2
1977,2
1978,2
1979,3
1980,2
1981,1
1982,2
1983,0
1984,2
1985,2
1986,2
1987,2
1988,2
1989,2
1990,2
1991,2
1992,2
1993,2
1994,2
1995,1
1996,0
1997,2
1998,1
1999,2
2000,3
2001,0
2002,1
2003,0
2004,1
2005,1
2006,2
2007,1
2008,2
2009,2
2010,1
2011,0
2012,2
2013,2
2014,1
2015,1
2016,2
2017,1
2018,1
2019,2
2020,2
2021,1
2022,2
2023,1
2024,2
2025,1
2026,3
2027,2
2028,1
2029,2
2030,2
2031,2
2032,2
2033,3
2034,2
2035,2
2036,0
2037,2
2038,2
2039,1
2040,2
2041,2
2042,2
2043,2
2044,2
2045,3
2046,2
2047,0
2048,1
2049,2
2050,2
2051,2
2052,2
2053,1
2054,1
2055,1
2056,1
2057,0
2058,2
2059,2
2060,2
2061,1
2062,2
2063,2
2064,2
2065,2
2066,1
2067,1
2068,2
2069,2
2070,2
2071,2
2072,1
2073,0
2074,2
2075,2
2076,0
2077,3
2078,2
2079,1
2080,2
2081,2
2082,2
2083,2
2084,1
2085,1
2086,2
2087,0
2088,2
2089,2
2090,2
2091,0
2092,2
2093,2
2094,3
2095,2
2096,2
2097,2
2098,2
2099,1
2100,2
2101,3
2102,0
2103,1
2104,2
2105,2
2106,2
2107,2
2108,1
2109,2
2110,0
2111,0
2112,2
2113,2
2114,1
2115,2
2116,2
2117,1
2118,1
2119,1
2120,1
2121,3
2122,2
2123,2
2124,1
2125,2
2126,3
2127,1
2128,2
2129,2
2130,0
2131,1
2132,2
2133,0
2134,1
2135,2
2136,2
2137,2
2138,2
2139,1
2140,2
2141,1
2142,2
2143,2
2144,2
2145,1
2146,2
2147,2
2148,2
2149,2
2150,2
2151,2
2152,0
2153,2
2154,2
2155,2
2156,1
2157,1
2158,2
2159,1
2160,0
2161,2
2162,1
2163,2
2164,1
2165,2
2166,2
2167,2
2168,1
2169,3
2170,2
2171,0
2172,3
2173,2
2174,1
2175,2
2176,0
2177,1
2178,2
2179,2
2180,1
2181,2
2182,3
2183,2
2184,3
2185,2
2186,3
2187,0
2188,2
2189,1
2190,0
2191,1
2192,0
2193,0
2194,2
2195,3
2196,3
2197,2
2198,1
2199,2
2200,0
2201,2
2202,2
2203,1
2204,1
2205,3
2206,2
2207,2
2208,2
2209,1
2210,2
2211,1
2212,2
2213,2
2214,2
2215,2
2216,2
2217,3
2218,2
2219,1
2220,2
2221,2
2222,2
2223,0
2224,1
2225,1
2226,1
2227,2
2228,1
2229,1
2230,2
2231,2
2232,2
2233,2
2234,2
2235,1
2236,2
2237,2
2238,2
2239,0
2240,0
2241,1
2242,1
2243,2
2244,2
2245,2
2246,2
2247,1
2248,2
2249,1
2250,1
2251,0
2252,1
2253,1
2254,1
2255,2
2256,2
2257,2
2258,2
2259,2
2260,2
2261,2
2262,2
2263,2
2264,1
2265,1
2266,2
2267,1
2268,2
2269,2
2270,2
2271,1
2272,2
2273,1
2274,1
2275,2
2276,2
2277,2
2278,3
2279,2
2280,2
2281,2
2282,2
2283,2
2284,2
2285,3
2286,3
2287,2
2288,1
2289,2
2290,1
2291,2
2292,2
2293,2
2294,3
2295,0
2296,2
2297,2
2298,2
2299,2
2300,0
2301,1
2302,1
2303,2
2304,0
2305,2
2306,2
2307,2
2308,2
2309,2
2310,1
2311,2
2312,2
2313,2
2314,2
2315,2
2316,1
2317,2
2318,2
2319,2
2320,2
2321,2
2322,2
2323,1
2324,2
2325,3
2326,1
2327,2
2328,0
2329,0
2330,0
2331,1
2332,2
2333,2
2334,3
2335,1
2336,1
2337,2
2338,2
2339,2
2340,3
2341,0
2342,1
2343,1
2344,2
2345,2
2346,0
2347,1
2348,2
2349,3
2350,2
2351,2
2352,0
2353,2
2354,2
2355,1
2356,2
2357,1
2358,1
2359,2
2360,2
2361,2
2362,2
2363,2
2364,3
2365,2
2366,1
2367,1
2368,2
2369,3
2370,0
2371,2
2372,2
2373,1
2374,2
2375,1
2376,2
2377,2
2378,1
2379,2
2380,2
2381,3
2382,3
2383,1
2384,0
2385,2
2386,2
2387,2
2388,1
2389,2
2390,2
2391,3
2392,0
2393,0
2394,2
2395,2
2396,2
2397,1
2398,2
2399,0
2400,1
2401,3
2402,2
2403,2
2404,2
2405,1
2406,2
2407,2
2408,2
2409,1
2410,2
2411,2
2412,2
2413,2
2414,2
2415,2
2416,2
2417,2
2418,1
2419,2
2420,1
2421,2
2422,2
2423,2
2424,2
2425,2
2426,2
2427,3
2428,2
2429,2
2430,1
2431,1
2432,2
2433,2
2434,2
2435,1
2436,0
2437,1
2438,2
2439,2
2440,1
2441,2
2442,2
2443,1
2444,3
2445,1
2446,0
2447,2
2448,2
2449,1
2450,0
2451,1
2452,1
2453,2
2454,2
2455,1
2456,2
2457,3
2458,1
2459,3
2460,2
2461,2
2462,1
2463,2
2464,2
2465,2
2466,2
2467,3
2468,2
2469,1
2470,2
2471,1
2472,1
2473,0
2474,1
2475,2
2476,2
2477,2
2478,3
2479,2
2480,1
2481,2
2482,2
2483,2
2484,2
2485,2
2486,2
2487,1
2488,1
2489,3
2490,1
2491,2
2492,2
2493,0
2494,0
2495,2
2496,2
2497,0
2498,2
2499,0
2500,2
2501,2
2502,2
2503,3
2504,2
2505,1
2506,3
2507,1
2508,0
2509,2
2510,0
2511,1
2512,1
2513,1
2514,2
2515,1
2516,2
2517,1
2518,0
2519,1
2520,2
2521,0
2522,2
2523,2
2524,2
2525,3
2526,3
2527,0
2528,1
2529,2
2530,2
2531,3
2532,2
2533,2
2534,2
2535,1
2536,2
2537,1
2538,2
2539,2
2540,2
2541,0
2542,2
2543,0
2544,0
2545,2
2546,1
2547,2
2548,1
2549,2
2550,1
2551,3
2552,2
2553,0
2554,0
2555,3
2556,0
2557,1
2558,2
2559,2
2560,3
2561,2
2562,1
2563,3
2564,1
2565,2
2566,2
2567,2
2568,2
2569,0
2570,2
2571,0
2572,0
2573,2
2574,2
2575,2
2576,2
2577,1
2578,3
2579,2
2580,0
2581,0
2582,2
2583,2
2584,2
2585,0
2586,2
2587,1
2588,2
2589,2
2590,0
2591,2
2592,2
2593,2
2594,2
2595,0
2596,2
2597,1
2598,1
2599,1
2600,1
2601,1
2602,1
2603,2
2604,2
2605,2
2606,0
2607,2
2608,2
2609,1
2610,0
2611,0
2612,2
2613,2
2614,2
2615,2
2616,1
2617,1
2618,2
2619,0
2620,1
2621,2
2622,1
2623,0
2624,2
2625,2
2626,2
2627,2
2628,1
2629,2
2630,0
2631,3
2632,0
2633,0
2634,2
2635,0
2636,2
2637,2
2638,0
2639,2
2640,2
2641,2
2642,2
2643,2
2644,1
2645,1
2646,2
2647,2
2648,2
2649,1
2650,2
2651,2
2652,3
2653,2
2654,2
2655,2
2656,2
2657,1
2658,2
2659,2
2660,2
2661,1
2662,2
2663,2
2664,3
2665,2
2666,1
2667,2
2668,1
2669,2
2670,1
2671,2
2672,2
2673,2
2674,1
2675,2
2676,2
2677,1
2678,0
2679,2
2680,1
2681,2
2682,2
2683,2
2684,2
2685,1
2686,2
2687,3
2688,0
2689,2
2690,2
2691,2
2692,2
2693,1
2694,2
2695,1
2696,1
2697,3
2698,2
2699,1
2700,1
2701,0
2702,2
2703,2
2704,3
2705,2
2706,0
2707,2
2708,1
2709,3
2710,1
2711,2
2712,2
2713,1
2714,2
2715,2
2716,2
2717,1
2718,2
2719,1
2720,3
2721,2
2722,2
2723,2
2724,1
2725,0
2726,1
2727,2
2728,1
2729,2
2730,1
2731,2
2732,1
2733,1
2734,2
2735,0
2736,2
2737,2
2738,3
2739,0
2740,3
2741,2
2742,2
2743,2
2744,1
2745,2
2746,2
2747,1
2748,2
2749,2
2750,2
2751,1
2752,1
2753,2
2754,1
2755,2
2756,2
2757,2
2758,2
2759,2
2760,2
2761,1
2762,2
2763,1
2764,0
2765,1
2766,3
2767,2
2768,2
2769,2
2770,2
2771,1
2772,2
2773,2
2774,2
2775,2
2776,2
2777,2
2778,1
2779,0
2780,2
2781,1
2782,1
2783,1
2784,2
2785,0
2786,1
2787,2
2788,2
2789,0
2790,2
2791,1
2792,2
2793,3
2794,3
2795,2
2796,2
2797,2
2798,2
2799,1
2800,2
2801,0
2802,2
2803,1
2804,2
2805,2
2806,1
2807,1
2808,2
2809,1
2810,2
2811,1
2812,2
2813,1
2814,1
2815,1
2816,3
2817,2
2818,2
2819,2
2820,2
2821,2
2822,2
2823,3
2824,2
2825,1
2826,2
2827,2
2828,2
2829,2
2830,3
2831,1
2832,0
2833,2
2834,3
2835,1
2836,2
2837,0
2838,1
2839,1
2840,2
2841,2
2842,1
2843,0
2844,2
2845,1
2846,0
2847,1
2848,2
2849,2
2850,2
2851,2
2852,1
2853,1
2854,1
2855,2
2856,2
2857,3
2858,2
2859,1
2860,2
2861,0
2862,1
2863,2
2864,2
2865,2
2866,3
2867,2
2868,2
2869,2
2870,2
2871,1
2872,1
2873,2
2874,2
2875,2
2876,1
2877,3
2878,1
2879,1
2880,2
2881,0
2882,0
2883,2
2884,2
2885,2
2886,2
2887,2
2888,2
2889,2
2890,2
2891,2
2892,2
2893,1
2894,0
2895,2
2896,3
2897,1
2898,0
2899,3
2900,0
2901,2
2902,2
2903,0
2904,1
2905,2
2906,1
2907,0
2908,2
2909,1
2910,1
2911,2
2912,2
2913,2
2914,0
2915,1
2916,1
2917,1
2918,3
2919,1
2920,1
2921,1
2922,1
2923,2
2924,1
2925,2
2926,1
2927,3
2928,1
2929,3
2930,1
2931,1
2932,2
2933,2
2934,1
2935,2
2936,0
2937,3
2938,3
2939,2
2940,2
2941,3
2942,1
2943,1
2944,1
2945,2
2946,1
2947,1
2948,0
2949,2
2950,1
2951,2
2952,1
2953,2
2954,3
2955,1
2956,2
2957,2
2958,2
2959,2
2960,2
2961,1
2962,2
2963,1
2964,2
2965,1
2966,1
2967,1
2968,2
2969,2
2970,1
2971,2
2972,2
2973,2
2974,3
2975,2
2976,0
2977,2
2978,1
2979,2
2980,2
2981,0
2982,2
2983,2
2984,2
2985,0
2986,3
2987,3
2988,2
2989,2
2990,2
2991,2
2992,0
2993,1
2994,1
2995,0
2996,0
2997,2
2998,1
2999,2
3000,1
3001,2
3002,2
3003,2
3004,2
3005,2
3006,0
3007,2
3008,1
3009,2
3010,2
3011,1
3012,1
3013,0
3014,2
3015,1
3016,2
3017,2
3018,2
3019,0
3020,1
3021,3
3022,2
3023,1
3024,2
3025,2
3026,3
3027,2
3028,2
3029,1
3030,2
3031,0
3032,0
3033,1
3034,2
3035,2
3036,0
3037,1
3038,1
3039,2
3040,2
3041,2
3042,2
3043,2
3044,2
3045,2
3046,2
3047,1
3048,1
3049,2
3050,1
3051,2
3052,1
3053,1
3054,1
3055,2
3056,1
3057,2
3058,1
3059,1
3060,2
3061,1
3062,2
3063,0
3064,2
3065,3
3066,1
3067,2
3068,2
3069,2
3070,2
3071,2
3072,2
3073,2
3074,2
3075,2
3076,1
3077,0
3078,2
3079,2
3080,2
3081,2
3082,1
3083,2
3084,2
3085,1
3086,2
3087,2
3088,2
3089,2
3090,2
3091,3
3092,1
3093,2
3094,2
3095,2
3096,2
3097,1
3098,2
3099,2
3100,0
3101,2
3102,2
3103,2
3104,2
3105,1
3106,2
3107,1
3108,1
3109,0
3110,1
3111,2
3112,2
3113,2
3114,1
3115,2
3116,0
3117,1
3118,0
3119,2
3120,1
3121,0
3122,2
3123,0
3124,2
3125,1
3126,2
3127,2
3128,2
3129,2
3130,2
3131,0
3132,2
3133,2
3134,1
3135,2
3136,2
3137,2
3138,0
3139,2
3140,2
3141,3
3142,1
3143,3
3144,1
3145,2
3146,3
3147,0
3148,2
3149,1
3150,1
3151,1
3152,2
3153,2
3154,2
3155,1
3156,2
3157,2
3158,2
3159,1
3160,0
3161,2
3162,0
3163,0
3164,1
3165,1
3166,1
3167,0
3168,2
3169,1
3170,2
3171,2
3172,0
3173,1
3174,2
3175,1
3176,2
3177,2
3178,2
3179,2
3180,2
3181,2
3182,2
3183,1
3184,2
3185,2
3186,0
3187,1
3188,2
3189,1
3190,3
3191,1
3192,2
3193,1
3194,1
3195,2
3196,2
3197,2
3198,1
3199,2
3200,3
3201,0
3202,2
3203,2
3204,2
3205,2
3206,2
3207,0
3208,3
3209,2
3210,1
3211,2
3212,2
3213,1
3214,2
3215,1
3216,1
3217,2
3218,2
3219,0
3220,0
3221,2
3222,3
3223,1
3224,0
3225,2
3226,2
3227,1
3228,1
3229,0
3230,1
3231,2
3232,2
3233,1
3234,2
3235,0
3236,3
3237,2
3238,2
3239,2
3240,2
3241,2
3242,2
3243,0
3244,1
3245,2
3246,1
3247,2
3248,3
3249,1
3250,1
3251,1
3252,1
3253,0
3254,1
3255,0
3256,1
3257,1
3258,0
3259,3
3260,2
3261,2
3262,2
3263,1
3264,0
3265,2
3266,2
3267,1
3268,2
3269,1
3270,2
3271,2
3272,2
3273,1
3274,1
3275,2
3276,3
3277,0
3278,1
3279,2
3280,2
3281,1
3282,1
3283,3
3284,2
3285,1
3286,2
3287,3
3288,0
3289,2
3290,2
3291,1
3292,1
3293,2
3294,0
3295,0
3296,1
3297,0
3298,2
3299,2
3300,3
3301,1
3302,2
3303,2
3304,1
3305,2
3306,2
3307,1
3308,1
3309,2
3310,0
3311,2
3312,2
3313,1
3314,3
3315,2
3316,2
3317,0
3318,1
3319,0
3320,2
3321,2
3322,2
3323,2
3324,2
3325,2
3326,0
3327,2
3328,2
3329,2
3330,2
3331,2
3332,2
3333,2
3334,1
3335,1
3336,2
3337,2
3338,1
3339,1
3340,0
3341,2
3342,2
3343,2
3344,2
3345,3
3346,2
3347,2
3348,2
3349,2
3350,2
3351,0
3352,2
3353,2
3354,0
3355,2
3356,0
3357,1
3358,1
3359,2
3360,2
3361,2
3362,2
3363,2
3364,2
3365,1
3366,0
3367,2
3368,2
3369,2
3370,0
3371,2
3372,1
3373,2
3374,2
3375,2
3376,1
3377,1
3378,0
3379,2
3380,0
3381,1
3382,1
3383,2
3384,2
3385,2
3386,2
3387,2
3388,0
3389,3
3390,1
3391,2
3392,2
3393,2
3394,3
3395,2
3396,2
3397,2
3398,1
3399,1
3400,1
3401,2
3402,2
3403,2
3404,2
3405,2
3406,1
3407,2
3408,2
3409,2
3410,2
3411,1
3412,2
3413,2
3414,0
3415,2
3416,2
3417,2
3418,2
3419,2
3420,2
3421,2
3422,0
3423,1
3424,2
3425,2
3426,1
3427,2
3428,1
3429,2
3430,0
3431,3
3432,2
3433,2
3434,2
3435,0
3436,3
3437,1
3438,2
3439,0
3440,2
3441,0
3442,2
3443,1
3444,2
3445,1
3446,0
3447,2
3448,2
3449,2
3450,2
3451,2
3452,0
3453,1
3454,2
3455,1
3456,1
3457,1
3458,2
3459,3
3460,2
3461,1
3462,2
3463,2
3464,2
3465,0
3466,2
3467,2
3468,2
3469,2
3470,1
3471,2
3472,2
3473,2
3474,1
3475,2
3476,2
3477,3
3478,2
3479,2
3480,0
3481,1
3482,1
3483,1
3484,0
3485,3
3486,2
3487,2
3488,2
3489,0
3490,0
3491,2
3492,3
3493,2
3494,3
3495,0
3496,2
3497,2
3498,2
3499,1
3500,3
3501,1
3502,2
3503,3
3504,0
3505,1
3506,1
3507,2
3508,0
3509,2
3510,2
3511,1
3512,1
3513,2
3514,2
3515,3
3516,2
3517,0
3518,0
3519,1
3520,2
3521,2
3522,2
3523,2
3524,2
3525,2
3526,0
3527,3
3528,1
3529,1
3530,3
3531,0
3532,3
3533,2
3534,1
3535,1
3536,2
3537,2
3538,2
3539,2
3540,2
3541,2
3542,0
3543,2
3544,1
3545,2
3546,1
3547,2
3548,0
3549,1
3550,1
3551,1
3552,1
3553,1
3554,2
3555,2
3556,1
3557,2
3558,1
3559,1
3560,1
3561,1
3562,1
3563,2
3564,2
3565,2
3566,2
3567,0
3568,2
3569,2
3570,0
3571,1
3572,0
3573,2
3574,2
3575,2
3576,2
3577,2
3578,2
3579,0
3580,3
3581,1
3582,2
3583,2
3584,2
3585,2
3586,2
3587,2
3588,1
3589,2
3590,0
3591,2
3592,2
3593,1
3594,2
3595,2
3596,2
3597,2
3598,1
3599,0
3600,1
3601,0
3602,1
3603,2
3604,2
3605,2
3606,2
3607,2
3608,0
3609,2
3610,2
3611,2
3612,1
3613,2
3614,2
3615,3
3616,2
3617,2
3618,2
3619,1
3620,3
3621,1
3622,2
3623,2
3624,0
3625,1
3626,3
3627,2
3628,2
3629,2
3630,2
3631,2
3632,0
3633,2
3634,2
3635,1
3636,2
3637,2
3638,1
3639,2
3640,2
3641,3
3642,1
3643,1
3644,2
3645,1
3646,1
3647,1
3648,1
3649,2
3650,2
3651,2
3652,3
3653,1
3654,1
3655,3
3656,0
3657,1
3658,1
3659,2
3660,2
3661,2
3662,3
3663,2
3664,2
3665,2
3666,0
3667,1
3668,1
3669,2
3670,1
3671,1
3672,0
3673,1
3674,2
3675,2
3676,2
3677,2
3678,1
3679,1
3680,2
3681,2
3682,0
3683,2
3684,0
3685,2
3686,2
3687,1
3688,0
3689,2
3690,2
3691,1
3692,2
3693,3
3694,1
3695,2
3696,2
3697,2
3698,1
3699,2
3700,1
3701,2
3702,2
3703,3
3704,2
3705,1
3706,1
3707,1
3708,2
3709,2
3710,1
3711,1
3712,0
3713,1
3714,2
3715,2
3716,2
3717,3
3718,2
3719,2
3720,1
3721,1
3722,2
3723,2
3724,3
3725,2
3726,0
3727,0
3728,2
3729,1
3730,0
3731,2
3732,1
3733,2
3734,2
3735,1
3736,2
3737,1
3738,2
3739,1
3740,2
3741,2
3742,2
3743,2
3744,1
3745,2
3746,2
3747,3
3748,1
3749,2
3750,1
3751,2
3752,2
3753,0
3754,2
3755,1
3756,1
3757,2
3758,1
3759,2
3760,2
3761,1
3762,1
3763,0
3764,1
3765,2
3766,0
3767,2
3768,2
3769,2
3770,2
3771,2
3772,1
3773,2
3774,1
3775,2
3776,2
3777,3
3778,0
3779,2
3780,1
3781,2
3782,3
3783,2
3784,3
3785,1
3786,0
3787,2
3788,1
3789,2
3790,1
3791,2
3792,1
3793,2
3794,2
3795,2
3796,2
3797,2
3798,0
3799,3
3800,1
3801,2
3802,1
3803,0
3804,2
3805,3
3806,1
3807,2
3808,2
3809,2
3810,0
3811,1
3812,2
3813,1
3814,1
3815,1
3816,2
3817,2
3818,3
3819,2
3820,2
3821,2
3822,1
3823,2
3824,0
3825,1
3826,2
3827,2
3828,2
3829,2
3830,1
3831,2
3832,2
3833,2
3834,2
3835,2
3836,1
3837,1
3838,1
3839,2
3840,1
3841,2
3842,2
3843,1
3844,1
3845,1
3846,3
3847,2
3848,1
3849,1
3850,1
3851,2
3852,2
3853,3
3854,1
3855,2
3856,2
3857,2
3858,2
3859,2
3860,2
3861,1
3862,0
3863,2
3864,1
3865,2
3866,0
3867,2
3868,2
3869,1
3870,0
3871,2
3872,1
3873,1
3874,2
3875,2
3876,0
3877,3
3878,1
3879,2
3880,2
3881,2
3882,2
3883,2
3884,2
3885,2
3886,2
3887,1
3888,2
3889,1
3890,2
3891,2
3892,2
3893,1
3894,2
3895,0
3896,1
3897,2
3898,1
3899,2
3900,1
3901,1
3902,1
3903,1
3904,1
3905,1
3906,2
3907,2
3908,2
3909,2
3910,1
3911,2
3912,0
3913,1
3914,1
3915,2
3916,2
3917,2
3918,1
3919,2
3920,0
3921,2
3922,3
3923,2
3924,2
3925,0
3926,2
3927,2
3928,1
3929,2
3930,0
3931,1
3932,2
3933,2
3934,2
3935,3
3936,1
3937,1
3938,2
3939,2
3940,0
3941,2
3942,2
3943,1
3944,2
3945,0
3946,1
3947,1
3948,2
3949,3
3950,1
3951,2
3952,1
3953,2
3954,2
3955,2
3956,1
3957,1
3958,0
3959,2
3960,1
3961,2
3962,0
3963,2
3964,1
3965,2
3966,2
3967,2
3968,2
3969,2
3970,1
3971,0
3972,2
3973,2
3974,2
3975,2
3976,2
3977,3
3978,2
3979,0
3980,2
3981,2
3982,2
3983,2
3984,1
3985,1
3986,2
3987,1
3988,2
3989,2
3990,2
3991,0
3992,1
3993,2
3994,3
3995,3
3996,2
3997,1
3998,1
3999,1
4000,1
4001,2
4002,0
4003,1
4004,3
4005,1
4006,1
4007,2
4008,2
4009,2
4010,2
4011,1
4012,0
4013,1
4014,2
4015,2
4016,3
4017,1
4018,2
4019,1
4020,2
4021,1
4022,2
4023,2
4024,2
4025,2
4026,2
4027,2
4028,1
4029,2
4030,2
4031,2
4032,1
4033,2
4034,2
4035,2
4036,2
4037,0
4038,2
4039,2
4040,2
4041,2
4042,2
4043,2
4044,2
4045,2
4046,2
4047,2
4048,2
4049,2
4050,1
4051,0
4052,2
4053,0
4054,0
4055,2
4056,0
4057,0
4058,2
4059,3
4060,2
4061,2
4062,2
4063,3
4064,2
4065,0
4066,2
4067,1
4068,1
4069,1
4070,2
4071,1
4072,1
4073,2
4074,2
4075,0
4076,2
4077,1
4078,2
4079,2
4080,2
4081,1
4082,1
4083,1
4084,2
4085,2
4086,0
4087,2
4088,2
4089,2
4090,2
4091,2
4092,1
4093,2
4094,2
4095,2
4096,2
4097,2
4098,1
4099,2
4100,2
4101,3
4102,2
4103,1
4104,2
4105,2
4106,2
4107,1
4108,2
4109,1
4110,3
4111,0
4112,1
4113,2
4114,1
4115,2
4116,2
4117,2
4118,2
4119,2
4120,0
4121,2
4122,1
4123,1
4124,3
4125,1
4126,3
4127,2
4128,2
4129,2
4130,2
4131,1
4132,2
4133,0
4134,2
4135,2
4136,3
4137,1
4138,2
4139,2
4140,2
4141,1
4142,2
4143,1
4144,1
4145,2
4146,2
4147,1
4148,2
4149,1
4150,2
4151,2
4152,0
4153,1
4154,1
4155,1
4156,2
4157,2
4158,2
4159,1
4160,0
4161,3
4162,2
4163,1
4164,1
4165,0
4166,2
4167,2
4168,2
4169,1
4170,2
4171,2
4172,2
4173,2
4174,2
4175,2
4176,2
4177,2
4178,2
4179,2
4180,2
4181,1
4182,0
4183,0
4184,2
4185,1
4186,2
4187,1
4188,3
4189,2
4190,1
4191,2
4192,2
4193,2
4194,2
4195,2
4196,3
4197,2
4198,2
4199,2
4200,0
4201,1
4202,2
4203,2
4204,1
4205,2
4206,2
4207,2
4208,2
4209,2
4210,2
4211,0
4212,2
4213,2
4214,2
4215,2
4216,0
4217,1
4218,1
4219,2
4220,2
4221,1
4222,2
4223,1
4224,2
4225,2
4226,2
4227,2
4228,2
4229,3
4230,0
4231,2
4232,2
4233,3
4234,0
4235,1
4236,2
4237,0
4238,1
4239,2
4240,1
4241,2
4242,0
4243,2
4244,1
4245,2
4246,0
4247,1
4248,2
4249,0
4250,2
4251,2
4252,0
4253,2
4254,3
4255,1
4256,2
4257,2
4258,0
4259,2
4260,2
4261,2
4262,3
4263,1
4264,2
4265,3
4266,1
4267,1
4268,1
4269,1
4270,2
4271,2
4272,3
4273,2
4274,1
4275,2
4276,3
4277,0
4278,2
4279,2
4280,2
4281,0
4282,1
4283,2
4284,2
4285,3
4286,2
4287,2
4288,0
4289,2
4290,2
4291,1
4292,2
4293,2
4294,2
4295,2
4296,1
4297,2
4298,3
4299,3
4300,2
4301,2
4302,2
4303,2
4304,0
4305,2
4306,2
4307,2
4308,1
4309,2
4310,1
4311,2
4312,1
4313,0
4314,2
4315,1
4316,1
4317,2
4318,2
4319,1
4320,0
4321,1
4322,2
4323,2
4324,0
4325,3
4326,2
4327,2
4328,1
4329,0
4330,2
4331,0
4332,2
4333,2
4334,2
4335,2
4336,0
4337,0
4338,0
4339,3
4340,2
4341,1
4342,2
4343,1
4344,1
4345,1
4346,0
4347,1
4348,2
4349,2
4350,1
4351,3
4352,0
4353,0
4354,2
4355,3
4356,2
4357,0
4358,2
4359,2
4360,0
4361,2
4362,1
4363,2
4364,2
4365,1
4366,2
4367,3
4368,2
4369,2
4370,0
4371,2
4372,2
4373,2
4374,3
4375,2
4376,0
4377,1
4378,1
4379,0
4380,2
4381,1
4382,2
4383,2
4384,2
4385,1
4386,2
4387,0
4388,3
4389,2
4390,0
4391,2
4392,0
4393,2
4394,3
4395,3
4396,2
4397,2
4398,1
4399,3
4400,2
4401,1
4402,0
4403,3
4404,1
4405,2
4406,0
4407,2
4408,1
4409,2
4410,1
4411,2
4412,2
4413,2
4414,2
4415,3
4416,2
4417,2
4418,0
4419,1
4420,2
4421,1
4422,1
4423,1
4424,2
4425,2
4426,1
4427,0
4428,2
4429,2
4430,1
4431,2
4432,2
4433,2
4434,3
4435,2
4436,3
4437,2
4438,3
4439,0
4440,0
4441,1
4442,2
4443,3
4444,2
4445,1
4446,1
4447,3
4448,0
4449,2
4450,1
4451,0
4452,1
4453,1
4454,1
4455,1
4456,3
4457,1
4458,1
4459,1
4460,2
4461,2
4462,0
4463,2
4464,2
4465,1
4466,2
4467,1
4468,1
4469,3
4470,1
4471,1
4472,2
4473,2
4474,2
4475,0
4476,2
4477,2
4478,3
4479,1
4480,1
4481,2
4482,2
4483,0
4484,2
4485,1
4486,2
4487,0
4488,1
4489,1
4490,2
4491,2
4492,2
4493,1
4494,2
4495,1
4496,2
4497,1
4498,0
4499,2
4500,2
4501,2
4502,2
4503,2
4504,2
4505,2
4506,0
4507,1
4508,2
4509,1
4510,0
4511,0
4512,0
4513,2
4514,2
4515,1
4516,1
4517,2
4518,0
4519,1
4520,1
4521,2
4522,2
4523,1
4524,2
4525,1
4526,2
4527,1
4528,2
4529,1
4530,2
4531,0
4532,2
4533,2
4534,2
4535,1
4536,2
4537,2
4538,2
4539,2
4540,2
4541,0
4542,1
4543,2
4544,1
4545,2
4546,2
4547,2
4548,1
4549,1
4550,2
4551,1
4552,2
4553,2
4554,2
4555,1
4556,2
4557,1
4558,0
4559,2
4560,0
4561,2
4562,2
4563,2
4564,3
4565,2
4566,2
4567,2
4568,2
4569,0
4570,1
4571,2
4572,2
4573,2
4574,2
4575,0
4576,2
4577,1
4578,2
4579,1
4580,3
4581,0
4582,2
4583,2
4584,2
4585,2
4586,2
4587,2
4588,2
4589,2
4590,2
4591,0
4592,2
4593,3
4594,2
4595,2
4596,0
4597,2
4598,1
4599,2
4600,1
4601,2
4602,2
4603,2
4604,1
4605,2
4606,2
4607,2
4608,2
4609,2
4610,2
4611,2
4612,2
4613,2
4614,1
4615,2
4616,0
4617,2
4618,2
4619,1
4620,1
4621,2
4622,2
4623,0
4624,2
4625,1
4626,1
4627,0
4628,0
4629,2
4630,0
4631,0
4632,0
4633,2
4634,1
4635,2
4636,1
4637,1
4638,2
4639,2
4640,2
4641,2
4642,2
4643,2
4644,1
4645,1
4646,2
4647,2
4648,2
4649,2
4650,3
4651,3
4652,2
4653,2
4654,1
4655,2
4656,2
4657,2
4658,2
4659,2
4660,1
4661,2
4662,1
4663,2
4664,2
4665,3
4666,0
4667,1
4668,2
4669,1
4670,2
4671,2
4672,2
4673,1
4674,2
4675,1
4676,1
4677,1
4678,2
4679,0
4680,2
4681,1
4682,0
4683,1
4684,2
4685,1
4686,2
4687,1
4688,2
4689,2
4690,0
4691,2
4692,2
4693,1
4694,2
4695,3
4696,2
4697,2
4698,3
4699,2
4700,2
4701,2
4702,0
4703,1
4704,2
4705,3
4706,2
4707,2
4708,1
4709,2
4710,2
4711,0
4712,2
4713,0
4714,0
4715,1
4716,2
4717,1
4718,2
4719,2
4720,2
4721,1
4722,0
4723,2
4724,0
4725,2
4726,2
4727,2
4728,2
4729,2
4730,1
4731,2
4732,2
4733,1
4734,2
4735,2
4736,0
4737,2
4738,1
4739,2
4740,1
4741,1
4742,1
4743,1
4744,0
4745,3
4746,1
4747,2
4748,1
4749,2
4750,0
4751,2
4752,3
4753,1
4754,1
4755,2
4756,1
4757,0
4758,2
4759,1
4760,0
4761,2
4762,3
4763,2
4764,3
4765,1
4766,2
4767,2
4768,2
4769,2
4770,2
4771,1
4772,1
4773,0
4774,2
4775,0
4776,2
4777,1
4778,3
4779,0
4780,1
4781,0
4782,1
4783,0
4784,2
4785,2
4786,0
4787,2
4788,1
4789,2
4790,2
4791,0
4792,2
4793,1
4794,0
4795,2
4796,2
4797,0
4798,2
4799,1
4800,2
4801,0
4802,2
4803,2
4804,1
4805,2
4806,2
4807,1
4808,2
4809,2
4810,2
4811,2
4812,2
4813,3
4814,2
4815,1
4816,3
4817,2
4818,1
4819,2
4820,2
4821,2
4822,1
4823,2
4824,3
4825,1
4826,1
4827,3
4828,2
4829,1
4830,2
4831,3
4832,0
4833,1
4834,2
4835,1
4836,2
4837,2
4838,2
4839,2
4840,1
4841,2
4842,2
4843,0
4844,1
4845,2
4846,2
4847,1
4848,0
4849,2
4850,2
4851,2
4852,0
4853,0
4854,2
4855,1
4856,1
4857,0
4858,2
4859,3
4860,2
4861,2
4862,1
4863,2
4864,2
4865,2
4866,1
4867,1
4868,2
4869,1
4870,2
4871,2
4872,0
4873,2
4874,2
4875,1
4876,2
4877,2
4878,2
4879,1
4880,1
4881,1
4882,2
4883,1
4884,2
4885,2
4886,0
4887,2
4888,2
4889,2
4890,2
4891,1
4892,1
4893,2
4894,1
4895,2
4896,3
4897,1
4898,1
4899,2
4900,2
4901,1
4902,0
4903,0
4904,3
4905,1
4906,1
4907,2
4908,3
4909,2
4910,2
4911,2
4912,2
4913,1
4914,3
4915,2
4916,1
4917,2
4918,1
4919,1
4920,2
4921,2
4922,2
4923,2
4924,2
4925,2
4926,1
4927,2
4928,0
4929,2
4930,2
4931,0
4932,1
4933,2
4934,2
4935,2
4936,1
4937,2
4938,2
4939,1
4940,2
4941,0
4942,2
4943,2
4944,2
4945,1
4946,0
4947,2
4948,0
4949,0
4950,2
4951,0
4952,2
4953,2
4954,2
4955,2
4956,0
4957,1
4958,2
4959,2
4960,1
4961,0
4962,2
4963,3
4964,1
4965,2
4966,1
4967,1
4968,1
4969,2
4970,0
4971,2
4972,2
4973,1
4974,2
4975,1
4976,3
4977,2
4978,2
4979,2
4980,2
4981,2
4982,2
4983,2
4984,2
4985,1
4986,2
4987,2
4988,2
4989,1
4990,0
4991,1
4992,2
4993,2
4994,0
4995,2
4996,2
4997,0
4998,1
4999,2
5000,0
5001,2
5002,2
5003,3
5004,2
5005,1
5006,1
5007,2
5008,0
5009,0
5010,2
5011,2
5012,0
5013,2
5014,0
5015,1
5016,0
5017,2
5018,1
5019,2
5020,1
5021,1
5022,2
5023,2
5024,1
5025,2
5026,2
5027,1
5028,2
5029,0
5030,1
5031,2
5032,2
5033,1
5034,2
5035,2
5036,1
5037,2
5038,1
5039,0
5040,1
5041,1
5042,1
5043,2
5044,2
5045,1
5046,1
5047,3
5048,2
5049,1
5050,1
5051,1
5052,0
5053,2
5054,3
5055,1
5056,2
5057,2
5058,1
5059,3
5060,2
5061,0
5062,0
5063,2
5064,2
5065,2
5066,0
5067,2
5068,1
5069,0
5070,1
5071,2
5072,0
5073,1
5074,0
5075,2
5076,2
5077,1
5078,1
5079,2
5080,0
5081,2
5082,2
5083,2
5084,1
5085,2
5086,2
5087,0
5088,0
5089,2
5090,2
5091,2
5092,0
5093,3
5094,2
5095,1
5096,2
5097,1
5098,1
5099,2
5100,1
5101,3
5102,2
5103,2
5104,0
5105,1
5106,2
5107,1
5108,1
5109,2
5110,3
5111,3
5112,0
5113,2
5114,2
5115,0
5116,2
5117,1
5118,2
5119,2
5120,2
5121,2
5122,2
5123,2
5124,2
5125,3
5126,2
5127,0
5128,1
5129,2
5130,2
5131,2
5132,2
5133,1
5134,2
5135,2
5136,2
5137,2
5138,1
5139,1
5140,2
5141,2
5142,1
5143,1
5144,1
5145,2
5146,2
5147,3
5148,2
5149,2
5150,1
5151,2
5152,0
5153,1
5154,2
5155,1
5156,2
5157,0
5158,2
5159,1
5160,0
5161,2
5162,3
5163,2
5164,1
5165,3
5166,1
5167,0
5168,0
5169,2
5170,1
5171,0
5172,2
5173,2
5174,2
5175,2
5176,2
5177,0
5178,2
5179,2
5180,2
5181,2
5182,1
5183,1
5184,1
5185,2
5186,2
5187,1
5188,2
5189,2
5190,2
5191,1
5192,2
5193,0
5194,0
5195,2
5196,2
5197,1
5198,2
5199,2
5200,2
5201,2
5202,2
5203,2
5204,2
5205,3
5206,2
5207,2
5208,1
5209,2
5210,2
5211,1
5212,2
5213,2
5214,1
5215,3
5216,0
5217,3
5218,2
5219,0
5220,2
5221,1
5222,1
5223,0
5224,0
5225,1
5226,2
5227,0
5228,0
5229,0
5230,3
5231,1
5232,1
5233,1
5234,1
5235,2
5236,1
5237,2
5238,2
5239,1
5240,2
5241,0
5242,2
5243,2
5244,1
5245,2
5246,0
5247,2
5248,2
5249,2
5250,2
5251,2
5252,2
5253,2
5254,1
5255,2
5256,3
5257,2
5258,2
5259,2
5260,1
5261,2
5262,3
5263,2
5264,2
5265,2
5266,3
5267,2
5268,1
5269,2
5270,2
5271,2
5272,2
5273,2
5274,0
5275,2
5276,0
5277,2
5278,0
5279,1
5280,1
5281,1
5282,2
5283,2
5284,2
5285,2
5286,2
5287,2
5288,2
5289,1
5290,1
5291,2
5292,3
5293,2
5294,2
5295,3
5296,2
5297,2
5298,0
5299,2
5300,3
5301,2
5302,2
5303,1
5304,1
5305,2
5306,1
5307,2
5308,2
5309,1
5310,1
5311,1
5312,2
5313,3
5314,1
5315,1
5316,1
5317,1
5318,1
5319,2
5320,2
5321,2
5322,1
5323,2
5324,2
5325,3
5326,2
5327,1
5328,1
5329,2
5330,2
5331,0
5332,2
5333,2
5334,1
5335,1
5336,0
5337,1
5338,2
5339,1
5340,2
5341,2
5342,2
5343,2
5344,1
5345,2
5346,2
5347,2
5348,3
5349,0
5350,2
5351,0
5352,0
5353,2
5354,0
5355,2
5356,2
5357,1
5358,1
5359,2
5360,2
5361,2
5362,2
5363,2
5364,2
5365,1
5366,0
5367,2
5368,1
5369,2
5370,0
5371,0
5372,3
5373,1
5374,1
5375,2
5376,2
5377,3
5378,2
5379,2
5380,3
5381,2
5382,1
5383,0
5384,2
5385,2
5386,2
5387,0
5388,3
5389,2
5390,1
5391,2
5392,2
5393,1
5394,1
5395,1
5396,1
5397,1
5398,0
5399,3
5400,0
5401,1
5402,2
5403,2
5404,2
5405,2
5406,0
5407,2
5408,2
5409,1
5410,1
5411,0
5412,2
5413,2
5414,0
5415,1
5416,2
5417,2
5418,1
5419,1
5420,1
5421,1
5422,1
5423,2
5424,3
5425,2
5426,2
5427,3
5428,2
5429,2
5430,2
5431,1
5432,2
5433,2
5434,3
5435,2
5436,2
5437,3
5438,3
5439,2
5440,2
5441,2
5442,1
5443,2
5444,1
5445,2
5446,2
5447,2
5448,2
5449,2
5450,1
5451,2
5452,2
5453,1
5454,3
5455,2
5456,0
5457,2
5458,1
5459,1
5460,1
5461,1
5462,1
5463,1
5464,2
5465,1
5466,1
5467,0
5468,0
5469,0
5470,2
5471,0
5472,3
5473,2
5474,1
5475,2
5476,2
5477,1
5478,3
5479,1
5480,1
5481,2
5482,1
5483,2
5484,1
5485,2
5486,1
5487,2
5488,2
5489,1
5490,1
5491,2
5492,0
5493,2
5494,1
5495,1
5496,3
5497,1
5498,1
5499,0
5500,2
5501,2
5502,2
5503,2
5504,2
5505,2
5506,1
5507,0
5508,0
5509,2
5510,0
5511,3
5512,2
5513,1
5514,3
5515,1
5516,2
5517,1
5518,1
5519,0
5520,2
5521,1
5522,2
5523,2
5524,2
5525,2
5526,1
5527,1
5528,1
5529,2
5530,1
5531,2
5532,1
5533,2
5534,1
5535,1
5536,2
5537,1
5538,2
5539,1
5540,2
5541,2
5542,2
5543,2
5544,1
5545,2
5546,2
5547,2
5548,3
5549,2
5550,2
5551,2
5552,2
5553,1
5554,2
5555,2
5556,2
5557,0
5558,1
5559,1
5560,2
5561,1
5562,1
5563,0
5564,0
5565,0
5566,2
5567,1
5568,2
5569,1
5570,3
5571,2
5572,2
5573,2
5574,2
5575,3
5576,2
5577,2
5578,2
5579,2
5580,3
5581,2
5582,2
5583,2
5584,3
5585,2
5586,2
5587,2
5588,1
5589,0
5590,0
5591,1
5592,3
5593,2
5594,1
5595,2
5596,0
5597,2
5598,2
5599,0
5600,2
5601,1
5602,2
5603,1
5604,2
5605,2
5606,2
5607,2
5608,1
5609,2
5610,0
5611,2
5612,0
5613,0
5614,2
5615,1
5616,1
5617,2
5618,0
5619,0
5620,2
5621,3
5622,3
5623,1
5624,2
5625,2
5626,2
5627,1
5628,2
5629,2
5630,2
5631,1
5632,2
5633,2
5634,0
5635,0
5636,1
5637,2
5638,0
5639,2
5640,2
5641,2
5642,1
5643,2
5644,1
5645,1
5646,2
5647,2
5648,0
5649,2
5650,2
5651,2
5652,3
5653,2
5654,1
5655,2
5656,2
5657,2
5658,2
5659,0
5660,2
5661,3
5662,2
5663,2
5664,1
5665,2
5666,1
5667,0
5668,2
5669,1
5670,2
5671,2
5672,1
5673,1
5674,1
5675,2
5676,0
5677,1
5678,2
5679,2
5680,2
5681,2
5682,0
5683,1
5684,2
5685,2
5686,3
5687,3
5688,2
5689,2
5690,1
5691,2
5692,2
5693,0
5694,2
5695,2
5696,2
5697,2
5698,2
5699,1
5700,2
5701,3
5702,0
5703,2
5704,2
5705,2
5706,2
5707,0
5708,2
5709,2
5710,2
5711,1
5712,0
5713,2
5714,0
5715,1
5716,2
5717,2
5718,1
5719,1
5720,1
5721,2
5722,1
5723,2
5724,2
5725,2
5726,2
5727,0
5728,2
5729,1
5730,2
5731,1
5732,1
5733,2
5734,1
5735,1
5736,2
5737,1
5738,2
5739,2
5740,2
5741,1
5742,0
5743,2
5744,2
5745,2
5746,2
5747,1
5748,2
5749,2
5750,2
5751,0
5752,2
5753,2
5754,2
5755,0
5756,0
5757,2
5758,2
5759,3
5760,2
5761,2
5762,2
5763,2
5764,2
5765,3
5766,2
5767,0
5768,2
5769,0
5770,2
5771,1
5772,0
5773,0
5774,1
5775,2
5776,2
5777,2
5778,0
5779,2
5780,1
5781,2
5782,2
5783,2
5784,2
5785,0
5786,2
5787,3
5788,1
5789,0
5790,0
5791,3
5792,1
5793,0
5794,2
5795,2
5796,2
5797,2
5798,2
5799,0
5800,1
5801,1
5802,0
5803,2
5804,2
5805,1
5806,1
5807,2
5808,1
5809,2
5810,2
5811,2
5812,2
5813,0
5814,0
5815,1
5816,2
5817,2
5818,1
5819,1
5820,1
5821,2
5822,2
5823,2
5824,2
5825,0
5826,2
5827,1
5828,2
5829,2
5830,2
5831,2
5832,2
5833,2
5834,0
5835,2
5836,2
5837,0
5838,1
5839,1
5840,2
5841,2
5842,2
5843,0
5844,2
5845,2
5846,1
5847,1
5848,0
5849,2
5850,2
5851,2
5852,1
5853,0
5854,2
5855,1
5856,2
5857,1
5858,2
5859,0
5860,1
5861,2
5862,3
5863,1
5864,2
5865,1
5866,2
5867,2
5868,0
5869,2
5870,3
5871,1
5872,3
5873,1
5874,2
5875,2
5876,2
5877,2
5878,0
5879,2
5880,1
5881,1
5882,2
5883,1
5884,2
5885,2
5886,2
5887,1
5888,2
5889,2
5890,1
5891,2
5892,2
5893,2
5894,1
5895,1
5896,2
5897,2
5898,2
5899,1
5900,2
5901,3
5902,2
5903,1
5904,2
5905,2
5906,2
5907,2
5908,2
5909,2
5910,3
5911,2
5912,2
5913,0
5914,0
5915,2
5916,0
5917,0
5918,1
5919,1
5920,1
5921,2
5922,2
5923,1
5924,2
5925,1
5926,0
5927,2
5928,1
5929,2
5930,1
5931,0
5932,0
5933,2
5934,1
5935,1
5936,2
5937,2
5938,2
5939,1
5940,1
5941,2
5942,1
5943,1
5944,0
5945,1
5946,1
5947,2
5948,0
5949,2
5950,3
5951,2
5952,2
5953,0
5954,2
5955,2
5956,3
5957,3
5958,1
5959,2
5960,2
5961,2
5962,2
5963,2
5964,2
5965,2
5966,2
5967,2
5968,1
5969,2
5970,2
5971,2
5972,2
5973,1
5974,1
5975,2
5976,2
5977,2
5978,1
5979,0
5980,2
5981,2
5982,1
5983,2
5984,2
5985,1
5986,3
5987,1
5988,1
5989,2
5990,1
5991,3
5992,2
5993,1
5994,2
5995,2
5996,2
5997,1
5998,2
5999,2
6000,1
6001,2
6002,2
6003,2
6004,0
6005,0
6006,0
6007,2
6008,1
6009,2
6010,1
6011,0
6012,1
6013,0
6014,2
6015,1
6016,2
6017,2
6018,0
6019,3
6020,2
6021,1
6022,2
6023,1
6024,0
6025,2
6026,2
6027,2
6028,3
6029,2
6030,2
6031,2
6032,2
6033,2
6034,2
6035,0
6036,1
6037,2
6038,3
6039,0
6040,2
6041,2
6042,1
6043,1
6044,2
6045,2
6046,2
6047,2
6048,1
6049,0
6050,2
6051,0
6052,1
6053,2
6054,0
6055,1
6056,1
6057,1
6058,0
6059,2
6060,1
6061,1
6062,2
6063,2
6064,2
6065,0
6066,0
6067,3
6068,1
6069,2
6070,2
6071,1
6072,0
6073,1
6074,2
6075,2
6076,1
6077,2
6078,1
6079,2
6080,3
6081,0
6082,2
6083,2
6084,2
6085,2
6086,3
6087,1
6088,2
6089,1
6090,1
6091,1
6092,0
6093,2
6094,1
6095,1
6096,0
6097,2
6098,0
6099,1
6100,2
6101,2
6102,2
6103,2
6104,2
6105,2
6106,2
6107,1
6108,1
6109,2
6110,2
6111,0
6112,0
6113,2
6114,1
6115,0
6116,2
6117,0
6118,2
6119,2
6120,2
6121,1
6122,1
6123,1
6124,2
6125,2
6126,1
6127,2
6128,2
6129,2
6130,0
6131,2
6132,0
6133,0
6134,1
6135,2
6136,2
6137,2
6138,2
6139,2
6140,2
6141,1
6142,0
6143,2
6144,2
6145,0
6146,1
6147,2
6148,3
6149,1
6150,3
6151,2
6152,2
6153,2
6154,2
6155,2
6156,1
6157,2
6158,2
6159,2
6160,2
6161,0
6162,2
6163,2
6164,3
6165,2
6166,2
6167,2
6168,1
6169,2
6170,2
6171,2
6172,1
6173,2
6174,1
6175,2
6176,2
6177,2
6178,1
6179,1
6180,3
6181,2
6182,1
6183,2
6184,1
6185,2
6186,2
6187,0
6188,1
6189,1
6190,0
6191,1
6192,2
6193,2
6194,2
6195,2
6196,2
6197,1
6198,2
6199,2
6200,2
6201,2
6202,1
6203,2
6204,2
6205,2
6206,0
6207,2
6208,0
6209,2
6210,2
6211,1
6212,3
6213,2
6214,0
6215,2
6216,3
6217,1
6218,2
6219,2
6220,2
6221,2
6222,2
6223,3
6224,2
6225,2
6226,2
6227,1
6228,1
6229,2
6230,3
6231,2
6232,0
6233,2
6234,2
6235,0
6236,2
6237,0
6238,2
6239,1
6240,3
6241,2
6242,1
6243,2
6244,2
6245,1
6246,2
6247,3
6248,2
6249,3
6250,2
6251,2
6252,1
6253,1
6254,1
6255,2
6256,1
6257,2
6258,2
6259,2
6260,1
6261,2
6262,2
6263,2
6264,0
6265,0
6266,2
6267,0
6268,1
6269,2
6270,0
6271,1
6272,0
6273,2
6274,2
6275,2
6276,2
6277,1
6278,2
6279,2
6280,0
6281,2
6282,2
6283,2
6284,2
6285,1
6286,2
6287,2
6288,2
6289,2
6290,2
6291,2
6292,0
6293,2
6294,2
6295,2
6296,2
6297,2
6298,1
6299,2
6300,0
6301,0
6302,2
6303,2
6304,1
6305,2
6306,2
6307,1
6308,3
6309,1
6310,2
6311,2
6312,2
6313,2
6314,1
6315,1
6316,2
6317,1
6318,1
6319,1
6320,1
6321,2
6322,1
6323,3
6324,2
6325,3
6326,2
6327,1
6328,2
6329,3
6330,3
6331,1
6332,1
6333,1
6334,2
6335,3
6336,2
6337,2
6338,0
6339,1
6340,2
6341,0
6342,2
6343,2
6344,0
6345,1
6346,0
6347,1
6348,2
6349,1
6350,2
6351,2
6352,2
6353,0
6354,2
6355,0
6356,1
6357,2
6358,1
6359,0
6360,3
6361,2
6362,1
6363,0
6364,2
6365,0
6366,2
6367,2
6368,2
6369,2
6370,2
6371,2
6372,2
6373,2
6374,2
6375,2
6376,2
6377,1
6378,2
6379,3
6380,2
6381,0
6382,0
6383,2
6384,0
6385,2
6386,2
6387,2
6388,3
6389,0
6390,3
6391,1
6392,1
6393,2
6394,0
6395,1
6396,0
6397,2
6398,3
6399,2
6400,2
6401,0
6402,0
6403,1
6404,1
6405,3
6406,2
6407,1
6408,2
6409,2
6410,1
6411,2
6412,2
6413,2
6414,1
6415,2
6416,1
6417,1
6418,2
6419,2
6420,1
6421,0
6422,1
6423,2
6424,0
6425,1
6426,2
6427,3
6428,2
6429,2
6430,1
6431,1
6432,2
6433,1
6434,2
6435,1
6436,2
6437,3
6438,1
6439,3
6440,1
6441,2
6442,1
6443,3
6444,2
6445,1
6446,2
6447,1
6448,2
6449,2
6450,2
6451,2
6452,2
6453,2
6454,2
6455,2
6456,2
6457,1
6458,2
6459,0
6460,2
6461,1
6462,2
6463,2
6464,2
6465,2
6466,2
6467,2
6468,1
6469,2
6470,0
6471,2
6472,2
6473,1
6474,2
6475,0
6476,2
6477,0
6478,1
6479,2
6480,3
6481,2
6482,1
6483,2
6484,3
6485,2
6486,2
6487,3
6488,0
6489,2
6490,2
6491,1
6492,1
6493,2
6494,2
6495,2
6496,2
6497,2
6498,2
6499,2
6500,0
6501,2
6502,2
6503,2
6504,3
6505,3
6506,2
6507,2
6508,2
6509,2
6510,2
6511,1
6512,0
6513,1
6514,0
6515,2
6516,2
6517,2
6518,2
6519,2
6520,1
6521,1
6522,0
6523,2
6524,0
6525,2
6526,2
6527,2
6528,2
6529,2
6530,0
6531,2
6532,2
6533,2
6534,2
6535,0
6536,1
6537,2
6538,1
6539,2
6540,2
6541,2
6542,1
6543,2
6544,3
6545,1
6546,0
6547,2
6548,2
6549,3
6550,2
6551,0
6552,1
6553,0
6554,2
6555,1
6556,2
6557,2
6558,2
6559,2
6560,2
6561,2
6562,0
6563,0
6564,0
6565,2
6566,2
6567,2
6568,2
6569,1
6570,2
6571,1
6572,0
6573,2
6574,3
6575,2
6576,1
6577,2
6578,1
6579,1
6580,3
6581,2
6582,1
6583,1
6584,1
6585,2
6586,1
6587,1
6588,0
6589,0
6590,1
6591,2
6592,2
6593,2
6594,2
6595,2
6596,2
6597,2
6598,2
6599,2
6600,3
6601,2
6602,2
6603,3
6604,1
6605,1
6606,2
6607,2
6608,1
6609,0
6610,0
6611,2
6612,2
6613,2
6614,2
6615,2
6616,2
6617,2
6618,2
6619,2
6620,2
6621,1
6622,3
6623,2
6624,1
6625,3
6626,1
6627,3
6628,0
6629,1
6630,2
6631,3
6632,1
6633,1
6634,2
6635,1
6636,1
6637,2
6638,0
6639,2
6640,2
6641,2
6642,2
6643,2
6644,2
6645,1
6646,2
6647,1
6648,3
6649,2
6650,2
6651,2
6652,2
6653,1
6654,2
6655,2
6656,2
6657,0
6658,1
6659,2
6660,2
6661,2
6662,1
6663,3
6664,0
6665,1
6666,0
6667,2
6668,2
6669,1
6670,2
6671,1
6672,2
6673,2
6674,3
6675,0
6676,2
6677,2
6678,2
6679,1
6680,2
6681,2
6682,2
6683,2
6684,0
6685,0
6686,2
6687,2
6688,3
6689,0
6690,1
6691,1
6692,2
6693,2
6694,1
6695,2
6696,0
6697,1
6698,2
6699,2
6700,2
6701,2
6702,2
6703,2
6704,2
6705,0
6706,3
6707,2
6708,2
6709,0
6710,2
6711,2
6712,2
6713,2
6714,2
6715,2
6716,2
6717,1
6718,2
6719,1
6720,2
6721,1
6722,2
6723,2
6724,2
6725,1
6726,0
6727,2
6728,1
6729,2
6730,3
6731,0
6732,1
6733,2
6734,1
6735,3
6736,2
6737,1
6738,0
6739,0
6740,1
6741,1
6742,2
6743,0
6744,1
6745,2
6746,2
6747,2
6748,2
6749,2
6750,2
6751,0
6752,2
6753,1
6754,2
6755,3
6756,1
6757,2
6758,2
6759,1
6760,1
6761,2
6762,3
6763,2
6764,2
6765,2
6766,2
6767,1
6768,2
6769,2
6770,1
6771,2
6772,2
6773,2
6774,2
6775,2
6776,2
6777,2
6778,2
6779,3
6780,2
6781,2
6782,3
6783,2
6784,2
6785,0
6786,2
6787,2
6788,1
6789,2
6790,3
6791,1
6792,2
6793,2
6794,1
6795,1
6796,2
6797,2
6798,3
6799,2
6800,2
6801,3
6802,2
6803,0
6804,2
6805,1
6806,2
6807,2
6808,2
6809,2
6810,3
6811,2
6812,2
6813,2
6814,1
6815,2
6816,1
6817,2
6818,0
6819,0
6820,2
6821,0
6822,2
6823,2
6824,2
6825,0
6826,1
6827,2
6828,1
6829,2
6830,2
6831,2
6832,2
6833,0
6834,1
6835,0
6836,0
6837,3
6838,1
6839,2
6840,2
6841,1
6842,2
6843,3
6844,0
6845,2
6846,2
6847,2
6848,0
6849,2
6850,2
6851,2
6852,1
6853,2
6854,0
6855,2
6856,2
6857,1
6858,2
6859,1
6860,0
6861,2
6862,0
6863,2
6864,2
6865,1
6866,0
6867,0
6868,2
6869,1
6870,1
6871,2
6872,2
6873,0
6874,2
6875,3
6876,2
6877,2
6878,3
6879,3
6880,2
6881,2
6882,2
6883,2
6884,2
6885,1
6886,2
6887,3
6888,2
6889,3
6890,2
6891,1
6892,2
6893,2
6894,2
6895,2
6896,1
6897,2
6898,2
6899,2
6900,2
6901,2
6902,3
6903,2
6904,2
6905,3
6906,2
6907,1
6908,0
6909,1
6910,1
6911,2
6912,1
6913,2
6914,2
6915,2
6916,0
6917,1
6918,1
6919,1
6920,1
6921,1
6922,1
6923,0
6924,2
6925,2
6926,1
6927,2
6928,1
6929,3
6930,0
6931,2
6932,2
6933,3
6934,0
6935,2
6936,1
6937,2
6938,1
6939,2
6940,1
6941,1
6942,2
6943,2
6944,2
6945,1
6946,3
6947,2
6948,2
6949,2
6950,2
6951,2
6952,2
6953,2
6954,2
6955,2
6956,2
6957,1
6958,2
6959,1
6960,2
6961,2
6962,1
6963,2
6964,2
6965,1
6966,1
6967,1
6968,1
6969,2
6970,2
6971,1
6972,2
6973,2
6974,3
6975,1
6976,1
6977,1
6978,2
6979,1
6980,0
6981,2
6982,0
6983,2
6984,2
6985,2
6986,2
6987,1
6988,2
6989,2
6990,2
6991,2
6992,2
6993,0
6994,1
6995,2
6996,2
6997,3
6998,1
6999,3
7000,2
7001,1
7002,2
7003,1
7004,2
7005,2
7006,3
7007,2
7008,0
7009,2
7010,2
7011,0
7012,2
7013,2
7014,2
7015,2
7016,0
7017,2
7018,1
7019,1
7020,3
7021,3
7022,1
7023,3
7024,1
7025,2
7026,1
7027,3
7028,2
7029,0
7030,2
7031,2
7032,2
7033,1
7034,0
7035,1
7036,2
7037,3
7038,1
7039,2
7040,0
7041,1
7042,2
7043,2
7044,2
7045,2
7046,2
7047,1
7048,0
7049,1
7050,0
7051,2
7052,3
7053,2
7054,1
7055,0
7056,1
7057,3
7058,2
7059,1
7060,0
7061,2
7062,1
7063,2
7064,2
7065,2
7066,2
7067,0
7068,2
7069,2
7070,2
7071,2
7072,2
7073,1
7074,2
7075,2
7076,1
7077,2
7078,2
7079,2
7080,2
7081,2
7082,2
7083,2
7084,2
7085,2
7086,1
7087,2
7088,2
7089,0
7090,2
7091,2
7092,3
7093,0
7094,1
7095,2
7096,2
7097,2
7098,2
7099,2
7100,0
7101,1
7102,2
7103,0
7104,1
7105,1
7106,0
7107,2
7108,2
7109,2
7110,1
7111,2
7112,0
7113,2
7114,2
7115,2
7116,1
7117,0
7118,1
7119,2
7120,2
7121,2
7122,1
7123,2
7124,0
7125,1
7126,1
7127,3
7128,3
7129,0
7130,2
7131,1
7132,1
7133,1
7134,2
7135,2
7136,2
7137,0
7138,0
7139,0
7140,2
7141,2
7142,0
7143,1
7144,2
7145,2
7146,0
7147,2
7148,2
7149,2
7150,1
7151,0
7152,1
7153,2
7154,1
7155,2
7156,2
7157,1
7158,0
7159,2
7160,3
7161,2
7162,2
7163,0
7164,0
7165,1
7166,1
7167,1
7168,2
7169,2
7170,1
7171,1
7172,1
7173,0
7174,2
7175,2
7176,2
7177,2
7178,2
7179,2
7180,2
7181,1
7182,1
7183,2
7184,3
7185,2
7186,2
7187,2
7188,2
7189,1
7190,1
7191,0
7192,2
7193,2
7194,2
7195,1
7196,2
7197,3
7198,2
7199,3
7200,2
7201,1
7202,1
7203,3
7204,1
7205,1
7206,2
7207,2
7208,2
7209,2
7210,2
7211,0
7212,0
7213,2
7214,1
7215,2
7216,1
7217,2
7218,2
7219,2
7220,3
7221,2
7222,2
7223,1
7224,3
7225,0
7226,2
7227,2
7228,3
7229,2
7230,2
7231,2
7232,2
7233,1
7234,2
7235,2
7236,2
7237,2
7238,2
7239,2
7240,2
7241,2
7242,3
7243,0
7244,1
7245,1
7246,1
7247,3
7248,0
7249,2
7250,3
7251,2
7252,2
7253,2
7254,2
7255,0
7256,1
7257,0
7258,1
7259,1
7260,1
7261,0
7262,2
7263,2
7264,2
7265,2
7266,2
7267,2
7268,2
7269,2
7270,2
7271,1
7272,2
7273,1
7274,2
7275,2
7276,2
7277,2
7278,2
7279,0
7280,1
7281,0
7282,3
7283,2
7284,2
7285,1
7286,1
7287,0
7288,1
7289,2
7290,2
7291,1
7292,2
7293,1
7294,0
7295,2
7296,2
7297,3
7298,1
7299,2
7300,3
7301,2
7302,2
7303,1
7304,1
7305,2
7306,2
7307,2
7308,0
7309,2
7310,1
7311,2
7312,2
7313,1
7314,0
7315,1
7316,2
7317,3
7318,1
7319,2
7320,1
7321,1
7322,1
7323,2
7324,1
7325,3
7326,1
7327,2
7328,1
7329,2
7330,2
7331,0
7332,0
7333,2
7334,2
7335,1
7336,1
7337,0
7338,1
7339,2
7340,1
7341,2
7342,0
7343,2
7344,2
7345,2
7346,1
7347,0
7348,0
7349,2
7350,2
7351,2
7352,2
7353,2
7354,1
7355,2
7356,2
7357,2
7358,3
7359,2
7360,2
7361,3
7362,3
7363,2
7364,2
7365,1
7366,2
7367,1
7368,1
7369,2
7370,1
7371,2
7372,2
7373,2
7374,2
7375,2
7376,0
7377,2
7378,2
7379,0
7380,2
7381,3
7382,2
7383,1
7384,2
7385,3
7386,2
7387,2
7388,1
7389,1
7390,2
7391,1
7392,2
7393,1
7394,2
7395,1
7396,1
7397,2
7398,2
7399,2
7400,0
7401,1
7402,2
7403,0
7404,3
7405,1
7406,2
7407,2
7408,2
7409,1
7410,2
7411,2
7412,3
7413,2
7414,2
7415,2
7416,2
7417,0
7418,1
7419,2
7420,1
7421,2
7422,2
7423,2
7424,3
7425,0
7426,1
7427,1
7428,2
7429,2
7430,2
7431,1
7432,2
7433,3
7434,1
7435,2
7436,0
7437,2
7438,2
7439,1
7440,2
7441,2
7442,1
7443,0
7444,1
7445,2
7446,2
7447,0
7448,2
7449,2
7450,2
7451,2
7452,0
7453,1
7454,2
7455,0
7456,2
7457,2
7458,2
7459,2
7460,2
7461,2
7462,2
7463,2
7464,2
7465,2
7466,1
7467,3
7468,1
7469,2
7470,1
7471,1
7472,2
7473,2
7474,2
7475,1
7476,2
7477,2
7478,2
7479,2
7480,2
7481,0
7482,2
7483,2
7484,2
7485,2
7486,1
7487,1
7488,3
7489,2
7490,2
7491,1
7492,3
7493,2
7494,1
7495,1
7496,0
7497,2
7498,3
7499,2
7500,1
7501,2
7502,2
7503,2
7504,1
7505,2
7506,2
7507,0
7508,1
7509,2
7510,2
7511,1
7512,3
7513,0
7514,1
7515,0
7516,1
7517,3
7518,2
7519,2
7520,1
7521,0
7522,1
7523,3
7524,1
7525,1
7526,2
7527,1
7528,3
7529,2
7530,2
7531,0
7532,2
7533,2
7534,2
7535,3
7536,1
7537,1
7538,1
7539,0
7540,3
7541,2
7542,2
7543,2
7544,3
7545,1
7546,2
7547,2
7548,2
7549,1
7550,2
7551,2
7552,3
7553,2
7554,1
7555,2
7556,2
7557,2
7558,1
7559,2
7560,2
7561,0
7562,2
7563,0
7564,3
7565,1
7566,1
7567,1
7568,1
7569,2
7570,1
7571,2
7572,3
7573,2
7574,2
7575,1
7576,0
7577,1
7578,2
7579,2
7580,2
7581,2
7582,0
7583,2
7584,1
7585,2
7586,1
7587,2
7588,3
7589,2
7590,2
7591,2
7592,2
7593,1
7594,2
7595,2
7596,2
7597,2
7598,2
7599,2
7600,2
7601,2
7602,2
7603,2
7604,1
7605,2
7606,2
7607,1
7608,2
7609,1
7610,3
7611,1
7612,1
7613,2
7614,0
7615,2
7616,2
7617,2
7618,0
7619,3
7620,2
7621,2
7622,2
7623,2
7624,1
7625,2
7626,1
7627,1
7628,2
7629,2
7630,1
7631,2
7632,1
7633,1
7634,1
7635,1
7636,2
7637,2
7638,1
7639,2
7640,1
7641,1
7642,2
7643,1
7644,1
7645,0
7646,0
7647,2
7648,2
7649,2
7650,1
7651,1
7652,1
7653,2
7654,0
7655,3
7656,2
7657,1
7658,1
7659,2
7660,2
7661,1
7662,2
7663,2
7664,2
7665,2
7666,2
7667,1
7668,1
7669,0
7670,0
7671,1
7672,2
7673,0
7674,1
7675,0
7676,2
7677,2
7678,3
7679,0
7680,3
7681,2
7682,2
7683,2
7684,2
7685,2
7686,2
7687,2
7688,1
7689,0
7690,2
7691,2
7692,2
7693,2
7694,2
7695,1
7696,1
7697,0
7698,2
7699,2
7700,2
7701,2
7702,2
7703,2
7704,2
7705,0
7706,2
7707,2
7708,2
7709,1
7710,0
7711,1
7712,2
7713,2
7714,1
7715,2
7716,1
7717,2
7718,2
7719,2
7720,1
7721,2
7722,0
7723,1
7724,3
7725,1
7726,0
7727,2
7728,1
7729,1
7730,1
7731,2
7732,2
7733,1
7734,2
7735,2
7736,0
7737,2
7738,1
7739,2
7740,2
7741,0
7742,2
7743,2
7744,1
7745,2
7746,2
7747,2
7748,1
7749,3
7750,1
7751,2
7752,2
7753,1
7754,2
7755,2
7756,2
7757,2
7758,2
7759,2
7760,1
7761,2
7762,3
7763,0
7764,1
7765,2
7766,1
7767,3
7768,2
7769,1
7770,2
7771,3
7772,0
7773,2
7774,2
7775,2
7776,1
7777,3
7778,1
7779,1
7780,3
7781,1
7782,0
7783,1
7784,2
7785,1
7786,2
7787,1
7788,3
7789,1
7790,2
7791,0
7792,2
7793,1
7794,3
7795,1
7796,1
7797,2
7798,0
7799,1
7800,1
7801,1
7802,2
7803,0
7804,2
7805,1
7806,2
7807,0
7808,0
7809,2
7810,1
7811,2
7812,2
7813,1
7814,2
7815,0
7816,1
7817,1
7818,2
7819,2
7820,1
7821,2
7822,2
7823,2
7824,2
7825,2
7826,1
7827,0
7828,0
7829,2
7830,2
7831,2
7832,3
7833,2
7834,2
7835,1
7836,1
7837,0
7838,2
7839,1
7840,2
7841,1
7842,1
7843,1
7844,2
7845,0
7846,1
7847,2
7848,2
7849,2
7850,0
7851,2
7852,0
7853,0
7854,2
7855,1
7856,2
7857,2
7858,2
7859,2
7860,1
7861,2
7862,2
7863,2
7864,1
7865,1
7866,2
7867,2
7868,1
7869,0
7870,2
7871,0
7872,1
7873,2
7874,2
7875,0
7876,1
7877,2
7878,2
7879,2
7880,2
7881,2
7882,2
7883,2
7884,3
7885,0
7886,3
7887,2
7888,2
7889,2
7890,1
7891,2
7892,1
7893,0
7894,2
7895,1
7896,2
7897,2
7898,2
7899,3
7900,3
7901,2
7902,2
7903,2
7904,2
7905,3
7906,2
7907,2
7908,2
7909,2
7910,3
7911,2
7912,0
7913,2
7914,1
7915,2
7916,2
7917,0
7918,2
7919,1
7920,2
7921,0
7922,1
7923,1
7924,1
7925,2
7926,0
7927,2
7928,1
7929,2
7930,0
7931,2
7932,2
7933,1
7934,3
7935,3
7936,2
7937,3
7938,0
7939,0
7940,3
7941,3
7942,2
7943,2
7944,1
7945,1
7946,2
7947,0
7948,1
7949,0
7950,2
7951,3
7952,2
7953,1
7954,2
7955,1
7956,2
7957,2
7958,1
7959,2
7960,2
7961,0
7962,0
7963,2
7964,2
7965,2
7966,2
7967,2
7968,2
7969,2
7970,1
7971,2
7972,0
7973,2
7974,2
7975,0
7976,2
7977,2
7978,2
7979,2
7980,2
7981,2
7982,2
7983,1
7984,1
7985,1
7986,1
7987,0
7988,3
7989,2
7990,2
7991,2
7992,2
7993,2
7994,1
7995,1
7996,1
7997,2
7998,1
7999,1
8000,0
8001,3
8002,2
8003,0
8004,2
8005,2
8006,1
8007,1
8008,2
8009,0
8010,2
8011,2
8012,2
8013,0
8014,2
8015,1
8016,3
8017,2
8018,2
8019,2
8020,2
8021,2
8022,1
8023,0
8024,0
8025,2
8026,1
8027,1
8028,1
8029,1
8030,2
8031,1
8032,2
8033,3
8034,2
8035,2
8036,2
8037,2
8038,3
8039,2
8040,3
8041,0
8042,3
8043,2
8044,2
8045,1
8046,2
8047,1
8048,2
8049,2
8050,0
8051,2
8052,1
8053,1
8054,2
8055,2
8056,2
8057,0
8058,0
8059,0
8060,3
8061,2
8062,2
8063,0
8064,0
8065,1
8066,1
8067,2
8068,2
8069,2
8070,2
8071,2
8072,2
8073,3
8074,2
8075,2
8076,1
8077,2
8078,1
8079,1
8080,2
8081,2
8082,2
8083,2
8084,2
8085,0
8086,1
8087,2
8088,2
8089,2
8090,2
8091,2
8092,0
8093,0
8094,2
8095,1
8096,1
8097,2
8098,1
8099,2
8100,2
8101,2
8102,2
8103,2
8104,2
8105,1
8106,2
8107,1
8108,2
8109,0
8110,2
8111,0
8112,0
8113,2
8114,0
8115,2
8116,2
8117,2
8118,3
8119,1
8120,2
8121,1
8122,2
8123,2
8124,1
8125,2
8126,2
8127,2
8128,2
8129,2
8130,2
8131,2
8132,2
8133,2
8134,2
8135,2
8136,2
8137,3
8138,2
8139,2
8140,0
8141,2
8142,1
8143,1
8144,2
8145,2
8146,2
8147,2
8148,2
8149,1
8150,2
8151,1
8152,2
8153,2
8154,2
8155,2
8156,1
8157,1
8158,2
8159,2
8160,1
8161,1
8162,3
8163,2
8164,2
8165,2
8166,2
8167,1
8168,2
8169,2
8170,0
8171,2
8172,2
8173,2
8174,2
8175,2
8176,2
8177,2
8178,3
8179,2
8180,2
8181,1
8182,3
8183,2
8184,1
8185,2
8186,3
8187,3
8188,1
8189,2
8190,2
8191,1
8192,2
8193,0
8194,2
8195,2
8196,1
8197,1
8198,1
8199,3
8200,2
8201,2
8202,2
8203,2
8204,2
8205,2
8206,0
8207,0
8208,2
8209,1
8210,2
8211,1
8212,2
8213,2
8214,2
8215,2
8216,2
8217,1
8218,2
8219,0
8220,1
8221,2
8222,2
8223,2
8224,1
8225,1
8226,1
8227,1
8228,2
8229,2
8230,3
8231,1
8232,1
8233,0
8234,0
8235,2
8236,0
8237,3
8238,2
8239,1
8240,2
8241,0
8242,2
8243,1
8244,0
8245,0
8246,2
8247,2
8248,3
8249,2
8250,2
8251,2
8252,3
8253,2
8254,1
8255,2
8256,1
8257,3
8258,1
8259,2
8260,1
8261,1
8262,2
8263,2
8264,1
8265,1
8266,1
8267,1
8268,2
8269,2
8270,1
8271,2
8272,1
8273,0
8274,2
8275,2
8276,1
8277,2
8278,1
8279,0
8280,0
8281,2
8282,2
8283,1
8284,2
8285,3
8286,1
8287,2
8288,1
8289,0
8290,2
8291,0
8292,2
8293,2
8294,0
8295,2
8296,1
8297,2
8298,1
8299,1
8300,2
8301,1
8302,2
8303,2
8304,2
8305,1
8306,2
8307,2
8308,2
8309,0
8310,2
8311,1
8312,1
8313,2
8314,2
8315,2
8316,2
8317,0
8318,2
8319,2
8320,2
8321,2
8322,0
8323,1
8324,0
8325,1
8326,2
8327,0
8328,0
8329,0
8330,2
8331,0
8332,0
8333,2
8334,2
8335,1
8336,2
8337,2
8338,1
8339,3
8340,1
8341,2
8342,2
8343,2
8344,1
8345,3
8346,2
8347,1
8348,1
8349,2
8350,0
8351,2
8352,2
8353,1
8354,0
8355,0
8356,1
8357,0
8358,1
8359,2
8360,2
8361,2
8362,0
8363,2
8364,1
8365,2
8366,1
8367,2
8368,2
8369,2
8370,2
8371,2
8372,2
8373,1
8374,1
8375,1
8376,2
8377,2
8378,2
8379,0
8380,0
8381,0
8382,2
8383,3
8384,0
8385,2
8386,2
8387,2
8388,3
8389,1
8390,0
8391,0
8392,2
8393,2
8394,2
8395,2
8396,2
8397,2
8398,2
8399,2
8400,2
8401,1
8402,1
8403,1
8404,2
8405,1
8406,2
8407,2
8408,2
8409,1
8410,2
8411,0
8412,2
8413,3
8414,1
8415,3
8416,0
8417,2
8418,2
8419,1
8420,0
8421,3
8422,2
8423,0
8424,2
8425,1
8426,2
8427,2
8428,3
8429,1
8430,2
8431,2
8432,1
8433,1
8434,0
8435,2
8436,1
8437,0
8438,0
8439,1
8440,1
8441,2
8442,2
8443,1
8444,2
8445,2
8446,2
8447,2
8448,1
8449,1
8450,2
8451,2
8452,2
8453,2
8454,2
8455,2
8456,2
8457,2
8458,3
8459,2
8460,2
8461,2
8462,2
8463,2
8464,2
8465,2
8466,3
8467,1
8468,2
8469,1
8470,3
8471,0
8472,3
8473,1
8474,2
8475,2
8476,0
8477,2
8478,2
8479,2
8480,3
8481,2
8482,3
8483,2
8484,2
8485,2
8486,1
8487,2
8488,1
8489,3
8490,2
8491,0
8492,2
8493,2
8494,2
8495,2
8496,1
8497,1
8498,2
8499,1
8500,2
8501,1
8502,1
8503,2
8504,2
8505,0
8506,3
8507,2
8508,3
8509,2
8510,3
8511,1
8512,1
8513,2
8514,2
8515,2
8516,0
8517,2
8518,2
8519,2
8520,0
8521,1
8522,1
8523,2
8524,3
8525,2
8526,1
8527,1
8528,2
8529,2
8530,2
8531,2
8532,2
8533,1
8534,1
8535,2
8536,1
8537,2
8538,2
8539,0
8540,2
8541,1
8542,0
8543,2
8544,2
8545,0
8546,1
8547,1
8548,2
8549,2
8550,2
8551,0
8552,1
8553,2
8554,1
8555,1
8556,0
8557,1
8558,2
8559,2
8560,1
8561,2
8562,1
8563,0
8564,2
8565,1
8566,2
8567,2
8568,2
8569,1
8570,2
8571,0
8572,0
8573,2
8574,1
8575,2
8576,2
8577,2
8578,1
8579,2
8580,2
8581,2
8582,2
8583,3
8584,2
8585,0
8586,3
8587,2
8588,3
8589,2
8590,2
8591,2
8592,2
8593,2
8594,0
8595,2
8596,2
8597,2
8598,0
8599,2
8600,2
8601,1
8602,2
8603,2
8604,2
8605,1
8606,2
8607,1
8608,2
8609,1
8610,1
8611,2
8612,2
8613,3
8614,2
8615,2
8616,2
8617,2
8618,1
8619,0
8620,1
8621,2
8622,2
8623,2
8624,2
8625,0
8626,1
8627,2
8628,1
8629,2
8630,2
8631,1
8632,1
8633,0
8634,1
8635,2
8636,1
8637,0
8638,2
8639,1
8640,1
8641,2
8642,2
8643,2
8644,2
8645,1
8646,2
8647,1
8648,2
8649,1
8650,2
8651,1
8652,2
8653,2
8654,2
8655,2
8656,1
8657,2
8658,2
8659,0
8660,2
8661,2
8662,2
8663,1
8664,0
8665,2
8666,2
8667,3
8668,2
8669,2
8670,2
8671,2
8672,1
8673,1
8674,2
8675,0
8676,1
8677,1
8678,2
8679,2
8680,2
8681,2
8682,0
8683,2
8684,1
8685,2
8686,2
8687,0
8688,2
8689,2
8690,0
8691,3
8692,2
8693,2
8694,2
8695,3
8696,1
8697,3
8698,1
8699,2
8700,2
8701,2
8702,2
8703,2
8704,0
8705,2
8706,2
8707,1
8708,2
8709,2
8710,0
8711,2
8712,3
8713,3
8714,2
8715,2
8716,0
8717,1
8718,2
8719,1
8720,2
8721,2
8722,2
8723,2
8724,0
8725,2
8726,1
8727,3
8728,0
8729,2
8730,1
8731,2
8732,2
8733,0
8734,3
8735,1
8736,2
8737,3
8738,1
8739,1
8740,3
8741,2
8742,2
8743,0
8744,2
8745,1
8746,1
8747,0
8748,1
8749,2
8750,2
8751,2
8752,3
8753,2
8754,2
8755,0
8756,3
8757,0
8758,2
8759,1
8760,2
8761,2
8762,2
8763,2
8764,2
8765,2
8766,0
8767,2
8768,0
8769,2
8770,2
8771,1
8772,2
8773,1
8774,1
8775,2
8776,2
8777,3
8778,3
8779,2
8780,1
8781,1
8782,1
8783,1
8784,2
8785,1
8786,0
8787,1
8788,2
8789,2
8790,2
8791,2
8792,2
8793,0
8794,2
8795,2
8796,0
8797,1
8798,0
8799,3
8800,1
8801,1
8802,2
8803,2
8804,1
8805,2
8806,1
8807,2
8808,2
8809,2
8810,2
8811,2
8812,2
8813,2
8814,2
8815,2
8816,2
8817,2
8818,2
8819,2
8820,3
8821,2
8822,1
8823,2
8824,2
8825,1
8826,3
8827,1
8828,1
8829,2
8830,2
8831,2
8832,2
8833,2
8834,2
8835,2
8836,1
8837,1
8838,0
8839,0
8840,2
8841,1
8842,2
8843,1
8844,1
8845,2
8846,2
8847,2
8848,2
8849,1
8850,2
8851,2
8852,0
8853,0
8854,2
8855,0
8856,1
8857,2
8858,1
8859,1
8860,2
8861,3
8862,2
8863,2
8864,0
8865,2
8866,1
8867,2
8868,0
8869,2
8870,1
8871,2
8872,0
8873,2
8874,1
8875,2
8876,2
8877,0
8878,2
8879,1
8880,2
8881,1
8882,1
8883,3
8884,2
8885,2
8886,1
8887,0
8888,2
8889,1
8890,0
8891,2
8892,2
8893,3
8894,3
8895,2
8896,1
8897,2
8898,1
8899,2
8900,2
8901,2
8902,0
8903,0
8904,1
8905,2
8906,0
8907,1
8908,2
8909,2
8910,2
8911,2
8912,0
8913,2
8914,2
8915,2
8916,0
8917,2
8918,1
8919,2
8920,1
8921,0
8922,2
8923,2
8924,1
8925,1
8926,1
8927,2
8928,2
8929,1
8930,0
8931,0
8932,2
8933,2
8934,0
8935,1
8936,2
8937,1
8938,0
8939,1
8940,2
8941,1
8942,0
8943,1
8944,2
8945,2
8946,1
8947,1
8948,1
8949,2
8950,1
8951,2
8952,2
8953,2
8954,3
8955,1
8956,1
8957,3
8958,0
8959,1
8960,2
8961,2
8962,1
8963,3
8964,2
8965,2
8966,0
8967,2
8968,2
8969,2
8970,2
8971,2
8972,2
8973,2
8974,2
8975,0
8976,2
8977,2
8978,2
8979,2
8980,2
8981,1
8982,1
8983,1
8984,1
8985,2
8986,2
8987,2
8988,2
8989,2
8990,0
8991,2
8992,0
8993,2
8994,2
8995,1
8996,2
8997,3
8998,2
8999,2
9000,2
9001,2
9002,1
9003,2
9004,2
9005,1
9006,0
9007,0
9008,3
9009,1
9010,2
9011,3
9012,3
9013,2
9014,2
9015,0
9016,2
9017,1
9018,3
9019,2
9020,2
9021,1
9022,2
9023,0
9024,2
9025,0
9026,0
9027,2
9028,1
9029,2
9030,0
9031,2
9032,2
9033,0
9034,0
9035,2
9036,2
9037,2
9038,0
9039,2
9040,2
9041,2
9042,1
9043,2
9044,2
9045,2
9046,2
9047,2
9048,1
9049,2
9050,2
9051,0
9052,2
9053,3
9054,2
9055,1
9056,2
9057,0
9058,2
9059,1
9060,1
9061,1
9062,2
9063,1
9064,1
9065,2
9066,0
9067,2
9068,2
9069,1
9070,1
9071,2
9072,1
9073,2
9074,3
9075,2
9076,2
9077,2
9078,0
9079,1
9080,2
9081,2
9082,2
9083,0
9084,2
9085,1
9086,2
9087,1
9088,2
9089,2
9090,1
9091,2
9092,0
9093,3
9094,1
9095,2
9096,2
9097,2
9098,2
9099,2
9100,0
9101,2
9102,2
9103,2
9104,0
9105,1
9106,3
9107,3
9108,2
9109,2
9110,2
9111,0
9112,0
9113,2
9114,1
9115,0
9116,2
9117,1
9118,2
9119,1
9120,3
9121,2
9122,2
9123,1
9124,2
9125,2
9126,2
9127,2
9128,1
9129,3
9130,1
9131,1
9132,2
9133,2
9134,2
9135,1
9136,2
9137,1
9138,1
9139,2
9140,1
9141,1
9142,2
9143,2
9144,2
9145,0
9146,2
9147,2
9148,2
9149,2
9150,2
9151,2
9152,1
9153,2
9154,2
9155,2
9156,2
9157,3
9158,2
9159,2
9160,1
9161,2
9162,0
9163,2
9164,2
9165,2
9166,1
9167,2
9168,2
9169,2
9170,2
9171,2
9172,1
9173,2
9174,2
9175,0
9176,1
9177,1
9178,1
9179,2
9180,2
9181,0
9182,2
9183,1
9184,2
9185,0
9186,2
9187,2
9188,1
9189,2
9190,2
9191,1
9192,0
9193,1
9194,0
9195,0
9196,1
9197,2
9198,2
9199,2
9200,2
9201,1
9202,2
9203,0
9204,1
9205,2
9206,2
9207,2
9208,2
9209,0
9210,2
9211,2
9212,2
9213,1
9214,1
9215,1
9216,2
9217,1
9218,1
9219,0
9220,1
9221,1
9222,2
9223,0
9224,2
9225,3
9226,2
9227,2
9228,2
9229,1
9230,2
9231,0
9232,0
9233,1
9234,2
9235,2
9236,1
9237,2
9238,1
9239,2
9240,2
9241,0
9242,2
9243,1
9244,0
9245,1
9246,2
9247,1
9248,0
9249,2
9250,0
9251,1
9252,1
9253,2
9254,2
9255,1
9256,0
9257,3
9258,2
9259,1
9260,2
9261,2
9262,0
9263,2
9264,2
9265,2
9266,2
9267,2
9268,0
9269,1
9270,0
9271,2
9272,1
9273,2
9274,2
9275,1
9276,2
9277,2
9278,1
9279,1
9280,3
9281,1
9282,2
9283,2
9284,2
9285,1
9286,0
9287,1
9288,1
9289,2
9290,1
9291,0
9292,2
9293,3
9294,1
9295,1
9296,0
9297,3
9298,3
9299,2
9300,2
9301,2
9302,2
9303,2
9304,2
9305,3
9306,3
9307,2
9308,1
9309,2
9310,1
9311,2
9312,0
9313,0
9314,1
9315,2
9316,1
9317,1
9318,2
9319,1
9320,2
9321,2
9322,0
9323,0
9324,0
9325,2
9326,2
9327,0
9328,2
9329,0
9330,1
9331,0
9332,2
9333,2
9334,0
9335,2
9336,1
9337,0
9338,1
9339,2
9340,1
9341,1
9342,2
9343,0
9344,1
9345,2
9346,2
9347,2
9348,2
9349,1
9350,2
9351,0
9352,2
9353,2
9354,2
9355,0
9356,2
9357,2
9358,2
9359,2
9360,2
9361,2
9362,2
9363,1
9364,1
9365,2
9366,0
9367,2
9368,2
9369,2
9370,1
9371,2
9372,2
9373,3
9374,2
9375,3
9376,2
9377,2
9378,1
9379,2
9380,2
9381,1
9382,1
9383,1
9384,0
9385,1
9386,2
9387,2
9388,2
9389,2
9390,2
9391,1
9392,0
9393,1
9394,0
9395,2
9396,0
9397,1
9398,2
9399,2
9400,2
9401,2
9402,2
9403,2
9404,2
9405,1
9406,1
9407,2
9408,2
9409,1
9410,2
9411,2
9412,2
9413,2
9414,0
9415,2
9416,0
9417,0
9418,2
9419,2
9420,0
9421,1
9422,1
9423,2
9424,2
9425,2
9426,1
9427,2
9428,2
9429,2
9430,2
9431,0
9432,2
9433,1
9434,2
9435,1
9436,2
9437,0
9438,3
9439,1
9440,2
9441,1
9442,2
9443,2
9444,2
9445,2
9446,1
9447,2
9448,1
9449,2
9450,2
9451,2
9452,2
9453,0
9454,2
9455,2
9456,2
9457,1
9458,2
9459,0
9460,0
9461,2
9462,2
9463,2
9464,2
9465,2
9466,1
9467,2
9468,0
9469,2
9470,0
9471,2
9472,0
9473,2
9474,3
9475,2
9476,2
9477,2
9478,2
9479,2
9480,1
9481,2
9482,2
9483,0
9484,3
9485,2
9486,2
9487,1
9488,0
9489,2
9490,1
9491,2
9492,0
9493,2
9494,2
9495,1
9496,1
9497,1
9498,2
9499,2
9500,1
9501,2
9502,2
9503,0
9504,0
9505,1
9506,2
9507,1
9508,2
9509,1
9510,2
9511,1
9512,0
9513,2
9514,1
9515,0
9516,2
9517,0
9518,2
9519,2
9520,0
9521,2
9522,2
9523,2
9524,1
9525,2
9526,1
9527,0
9528,3
9529,2
9530,1
9531,1
9532,1
9533,1
9534,2
9535,1
9536,2
9537,2
9538,1
9539,2
9540,2
9541,2
9542,2
9543,1
9544,1
9545,1
9546,2
9547,1
9548,2
9549,2
9550,2
9551,1
9552,2
9553,2
9554,2
9555,2
9556,0
9557,3
9558,1
9559,1
9560,2
9561,0
9562,2
9563,3
9564,2
9565,0
9566,0
9567,1
9568,0
9569,2
9570,2
9571,2
9572,2
9573,3
9574,0
9575,0
9576,2
9577,2
9578,2
9579,2
9580,1
9581,1
9582,2
9583,0
9584,1
9585,1
9586,1
9587,1
9588,0
9589,3
9590,1
9591,2
9592,2
9593,2
9594,2
9595,2
9596,0
9597,1
9598,2
9599,2
9600,2
9601,2
9602,2
9603,2
9604,2
9605,1
9606,2
9607,1
9608,1
9609,2
9610,0
9611,1
9612,2
9613,2
9614,2
9615,2
9616,1
9617,2
9618,2
9619,1
9620,2
9621,2
9622,2
9623,2
9624,2
9625,2
9626,2
9627,2
9628,2
9629,1
9630,1
9631,3
9632,2
9633,2
9634,2
9635,2
9636,2
9637,0
9638,2
9639,2
9640,3
9641,2
9642,2
9643,0
9644,2
9645,2
9646,2
9647,2
9648,2
9649,1
9650,1
9651,2
9652,2
9653,0
9654,0
9655,1
9656,2
9657,2
9658,1
9659,2
9660,3
9661,1
9662,2
9663,2
9664,2
9665,2
9666,1
9667,2
9668,2
9669,2
9670,1
9671,2
9672,3
9673,2
9674,2
9675,2
9676,2
9677,1
9678,1
9679,3
9680,3
9681,1
9682,1
9683,0
9684,2
9685,2
9686,1
9687,2
9688,3
9689,2
9690,2
9691,2
9692,2
9693,1
9694,2
9695,1
9696,1
9697,2
9698,1
9699,1
9700,3
9701,3
9702,2
9703,2
9704,2
9705,2
9706,2
9707,1
9708,1
9709,1
9710,1
9711,1
9712,2
9713,2
9714,0
9715,1
9716,2
9717,2
9718,2
9719,2
9720,3
9721,3
9722,1
9723,0
9724,2
9725,1
9726,2
9727,2
9728,2
9729,3
9730,2
9731,1
9732,3
9733,2
9734,0
9735,2
9736,2
9737,2
9738,0
9739,2
9740,1
9741,2
9742,2
9743,1
9744,2
9745,0
9746,1
9747,2
9748,3
9749,0
9750,0
9751,2
9752,2
9753,0
9754,1
9755,2
9756,2
9757,1
9758,3
9759,2
9760,3
9761,1
9762,2
9763,2
9764,2
9765,0
9766,3
9767,3
9768,1
9769,2
9770,1
9771,2
9772,2
9773,0
9774,2
9775,2
9776,1
9777,0
9778,2
9779,1
9780,1
9781,2
9782,0
9783,1
9784,2
9785,2
9786,2
9787,3
9788,1
9789,0
9790,0
9791,2
9792,1
9793,1
9794,1
9795,0
9796,2
9797,2
9798,1
9799,0
9800,2
9801,1
9802,2
9803,1
9804,2
9805,1
9806,1
9807,2
9808,2
9809,3
9810,2
9811,0
9812,1
9813,0
9814,3
9815,2
9816,1
9817,2
9818,2
9819,2
9820,2
9821,2
9822,0
9823,2
9824,2
9825,2
9826,1
9827,2
9828,2
9829,2
9830,1
9831,2
9832,1
9833,0
9834,2
9835,2
9836,1
9837,0
9838,1
9839,2
9840,2
9841,2
9842,1
9843,1
9844,2
9845,2
9846,0
9847,2
9848,0
9849,2
9850,2
9851,2
9852,1
9853,1
9854,2
9855,2
9856,2
9857,0
9858,1
9859,2
9860,1
9861,1
9862,2
9863,1
9864,2
9865,3
9866,1
9867,0
9868,1
9869,2
9870,2
9871,2
9872,2
9873,2
9874,0
9875,0
9876,2
9877,0
9878,1
9879,1
9880,1
9881,1
9882,2
9883,2
9884,2
9885,3
9886,0
9887,2
9888,0
9889,2
9890,2
9891,2
9892,2
9893,3
9894,3
9895,0
9896,2
9897,2
9898,2
9899,1
9900,2
9901,1
9902,1
9903,2
9904,2
9905,2
9906,0
9907,0
9908,2
9909,1
9910,2
9911,2
9912,2
9913,2
9914,0
9915,1
9916,0
9917,2
9918,2
9919,2
9920,2
9921,0
9922,1
9923,2
9924,2
9925,2
9926,3
9927,2
9928,1
9929,2
9930,1
9931,0
9932,2
9933,1
9934,0
9935,0
9936,0
9937,2
9938,2
9939,2
9940,0
9941,2
9942,1
9943,2
9944,2
9945,1
9946,2
9947,2
9948,2
9949,2
9950,2
9951,2
9952,1
9953,2
9954,1
9955,1
9956,0
9957,1
9958,2
9959,2
9960,3
9961,2
9962,1
9963,1
9964,2
9965,2
9966,2
9967,2
9968,2
9969,2
9970,1
9971,1
9972,1
9973,2
9974,2
9975,2
9976,2
9977,2
9978,1
9979,1
9980,2
9981,0
9982,2
9983,3
9984,2
9985,3
9986,2
9987,2
9988,1
9989,3
9990,1
9991,1
9992,1
9993,1
9994,1
9995,2
9996,1
9997,2
9998,1
9999,2
10000,0
10001,2
10002,2
10003,3
10004,2
10005,1
10006,0
10007,2
10008,1
10009,1
10010,3
10011,2
10012,0
10013,1
10014,2
10015,1
10016,2
10017,0
10018,1
10019,2
10020,2
10021,2
10022,1
10023,2
10024,2
10025,1
10026,1
10027,1
10028,1
10029,0
10030,1
10031,2
10032,1
10033,3
10034,2
10035,2
10036,2
10037,0
10038,2
10039,2
10040,3
10041,1
10042,2
10043,2
10044,1
10045,2
10046,1
10047,1
10048,0
10049,2
10050,2
10051,2
10052,2
10053,0
10054,2
10055,0
10056,2
10057,0
10058,1
10059,1
10060,0
10061,2
10062,1
10063,1
10064,0
10065,1
10066,1
10067,2
10068,2
10069,1
10070,3
10071,2
10072,3
10073,1
10074,0
10075,2
10076,3
10077,1
10078,2
10079,1
10080,2
10081,1
10082,2
10083,1
10084,2
10085,2
10086,2
10087,2
10088,2
10089,2
10090,2
10091,2
10092,3
10093,1
10094,1
10095,2
10096,2
10097,1
10098,1
10099,1
10100,2
10101,1
10102,1
10103,3
10104,0
10105,2
10106,3
10107,2
10108,1
10109,2
10110,2
10111,2
10112,2
10113,2
10114,2
10115,1
10116,2
10117,2
10118,1
10119,2
10120,2
10121,2
10122,2
10123,3
10124,3
10125,2
10126,2
10127,1
10128,2
10129,2
10130,3
10131,2
10132,1
10133,1
10134,3
10135,2
10136,1
10137,2
10138,2
10139,2
10140,1
10141,2
10142,1
10143,2
10144,2
10145,1
10146,2
10147,1
10148,2
10149,2
10150,1
10151,1
10152,2
10153,1
10154,1
10155,2
10156,1
10157,2
10158,1
10159,2
10160,3
10161,1
10162,2
10163,2
10164,2
10165,2
10166,2
10167,0
10168,0
10169,2
10170,3
10171,2
10172,2
10173,2
10174,2
10175,1
10176,3
10177,2
10178,1
10179,1
10180,2
10181,2
10182,2
10183,2
10184,1
10185,2
10186,1
10187,0
10188,2
10189,2
10190,0
10191,0
10192,1
10193,2
10194,1
10195,0
10196,2
10197,1
10198,1
10199,1
10200,2
10201,3
10202,2
10203,1
10204,1
10205,2
10206,2
10207,0
10208,2
10209,3
10210,3
10211,2
10212,0
10213,0
10214,2
10215,0
10216,1
10217,2
10218,2
10219,1
10220,2
10221,0
10222,3
10223,2
10224,2
10225,3
10226,2
10227,2
10228,0
10229,1
10230,2
10231,2
10232,3
10233,1
10234,0
10235,2
10236,2
10237,1
10238,2
10239,1
10240,2
10241,2
10242,1
10243,1
10244,1
10245,0
10246,0
10247,2
10248,3
10249,2
10250,2
10251,3
10252,2
10253,2
10254,1
10255,0
10256,2
10257,2
10258,0
10259,2
10260,1
10261,1
10262,2
10263,2
10264,0
10265,2
10266,3
10267,0
10268,2
10269,2
10270,2
10271,1
10272,1
10273,3
10274,2
10275,2
10276,2
10277,2
10278,1
10279,1
10280,2
10281,1
10282,1
10283,1
10284,1
10285,2
10286,2
10287,0
10288,2
10289,1
10290,1
10291,1
10292,1
10293,0
10294,1
10295,2
10296,0
10297,2
10298,2
10299,2
10300,0
10301,1
10302,1
10303,1
10304,2
10305,0
10306,1
10307,2
10308,1
10309,1
10310,2
10311,1
10312,2
10313,2
10314,2
10315,3
10316,0
10317,2
10318,1
10319,0
10320,1
10321,1
10322,1
10323,1
10324,2
10325,2
10326,1
10327,2
10328,1
10329,1
10330,2
10331,1
10332,0
10333,2
10334,1
10335,2
10336,2
10337,2
10338,2
10339,2
10340,1
10341,1
10342,1
10343,2
10344,2
10345,2
10346,1
10347,0
10348,1
10349,2
10350,2
10351,1
10352,2
10353,1
10354,2
10355,2
10356,2
10357,2
10358,2
10359,3
10360,1
10361,2
10362,2
10363,1
10364,2
10365,3
10366,1
10367,2
10368,2
10369,2
10370,1
10371,2
10372,1
10373,2
10374,1
10375,0
10376,2
10377,1
10378,3
10379,2
10380,2
10381,2
10382,1
10383,2
10384,2
10385,0
10386,2
10387,0
10388,2
10389,2
10390,1
10391,1
10392,1
10393,2
10394,2
10395,0
10396,0
10397,2
10398,1
10399,2
10400,3
10401,0
10402,1
10403,1
10404,3
10405,3
10406,2
10407,1
10408,1
10409,2
10410,2
10411,2
10412,2
10413,2
10414,2
10415,1
10416,3
10417,0
10418,0
10419,1
10420,2
10421,1
10422,2
10423,0
10424,0
10425,2
10426,2
10427,0
10428,2
10429,2
10430,1
10431,3
10432,2
10433,3
10434,0
10435,0
10436,1
10437,2
10438,1
10439,1
10440,0
10441,2
10442,1
10443,0
10444,1
10445,1
10446,1
10447,2
10448,2
10449,3
10450,1
10451,1
10452,3
10453,2
10454,0
10455,2
10456,0
10457,2
10458,1
10459,0
10460,1
10461,1
10462,2
10463,2
10464,0
10465,2
10466,2
10467,0
10468,1
10469,0
10470,2
10471,1
10472,1
10473,1
10474,0
10475,2
10476,2
10477,1
10478,2
10479,2
10480,1
10481,2
10482,2
10483,2
10484,2
10485,1
10486,1
10487,1
10488,3
10489,2
10490,1
10491,2
10492,3
10493,3
10494,0
10495,2
10496,1
10497,2
10498,1
10499,2
10500,2
10501,2
10502,2
10503,2
10504,1
10505,2
10506,2
10507,2
10508,2
10509,3
10510,1
10511,1
10512,3
10513,0
10514,2
10515,3
10516,2
10517,1
10518,2
10519,2
10520,1
10521,1
10522,2
10523,2
10524,2
10525,3
10526,2
10527,0
10528,2
10529,3
10530,2
10531,2
10532,1
10533,0
10534,2
10535,3
10536,1
10537,2
10538,1
10539,2
10540,2
10541,2
10542,2
10543,2
10544,1
10545,0
